name,age,street,city,state,zip,lng,lat
Dorothy Johnson,34,2381 Robert Pines Suite 458,Alyssaport,Montana,22142,132.545626,-58.349095
Peter Martin,29,120 Perkins Path Apt. 211,Fisherland,Tennessee,88765,-40.037116,-39.3496665
Jennifer Good,73,11873 Fuller Centers,North Josephburgh,Wisconsin,95791,45.677852,-6.359880
Pamela Livingston,35,35742 Barnes Divide,South Glenn,Nevada,28322,149.992698,-14.3665255
Cheryl Mcdaniel,26,0477 Lozano Drive Suite 255,Kellyland,Alaska,55574,100.982620,51.5925425
Kendra Austin,35,967 Williams Cape,Aguirreburgh,Maryland,49068,140.206280,-28.1613535
Dylan Johnson,34,99265 Petty Vista Apt. 657,New Hunterside,Michigan,06930,-86.706417,-86.5850885
James Davis,60,14856 Howard Shores,Pottsside,Ohio,32319,-145.339495,18.710817
Lindsey Hensley,61,439 Harris Island Suite 930,North Brianton,West Virginia,33460,-169.911772,21.788130
Christine Hardy,20,9069 Riley Estates Apt. 188,East Erikland,New Mexico,89182,-63.164791,-44.7178295
Jeremy Thompson,68,00160 Young Roads Suite 711,North Markside,Kentucky,92888,77.203561,20.196389
Amanda Gardner,26,1127 Morgan Trail Suite 901,Rothmouth,Florida,43264,107.293559,-5.206319
Jennifer Brady,26,586 Barrett Canyon Apt. 786,Hoodview,Mississippi,58972,107.219673,66.439456
Austin Burke,53,747 Tran Ports Suite 909,Lake Briannatown,Utah,44795,58.683946,78.499474
Erin Collins,36,8365 Jeffery Valleys Apt. 156,West Christian,Alaska,84642,22.754652,85.347149
Nicole Wiggins,73,27714 Robinson Forges Apt. 006,North Joshua,Pennsylvania,00924,152.652392,33.6917015
Benjamin Williams,18,1894 Janet Squares Suite 317,Davidhaven,Connecticut,54877,-33.640991,81.299616
Jody Travis,29,66228 Sean Lake Suite 410,Nicoleton,Wisconsin,81821,5.352314,12.692070
Christine Alvarez,48,512 Kylie Meadow Suite 012,North Amber,Arkansas,81788,33.245693,31.6298795
Michael Ellis,30,5706 Marisa Forge Apt. 033,North Todd,Alaska,92606,9.133527,15.092809
William Reyes,20,481 Bryan Square,Sabrinabury,Michigan,08097,160.179328,29.790683
Alan Horton,47,0112 Miller Plains,West Curtis,Indiana,54632,-156.400704,-58.2956435
Samuel Gonzalez,73,9464 Susan Parkway,New Oliviamouth,Wisconsin,89831,158.854520,26.6094185
Jeffrey Fleming,46,068 Jennifer Mount Suite 548,New Sarahchester,Missouri,15588,-12.931094,-25.239845
Mary Thomas,66,168 Ashley Garden Apt. 702,West Drew,Michigan,83804,96.926826,43.4763475
Robert Hampton,76,13437 Sandra Turnpike Apt. 543,Nicolefurt,Mississippi,51463,-151.138213,-27.1886345
Nicole Hill,61,1632 Johnson Roads Apt. 118,North Jesusmouth,Washington,31889,-135.211112,-53.495715
James Jones,42,1904 Lawrence Inlet Apt. 883,Kimberlyberg,New Hampshire,41300,-25.200198,80.809370
Barbara Garcia,56,152 Estrada Glens Apt. 375,Jacobsonport,Minnesota,81083,41.281382,35.5357625
Tina Larson,26,7567 White Mission,Griffinport,Idaho,47813,-94.680663,-30.205739
Devin Jackson,25,7722 Green Pass Suite 077,Lake Andrew,Arkansas,87009,-118.544261,0.6853375
Tina Potter,70,3594 James Well,North Jocelyn,California,06001,-44.317631,-57.1552915
Christopher Lewis,60,1083 Walker Alley Apt. 099,North Kathryn,Maryland,65267,143.315755,0.464561
Michele Colon,28,948 Bates Estates Suite 530,New Brandonburgh,Connecticut,22653,173.295323,12.3123165
Vanessa Santana,43,961 Stout Island,North Janice,Pennsylvania,61011,67.287004,16.6574985
Cody Krause,37,24708 Alexander Crest,Michaelville,Washington,02972,-152.462988,-48.462600
Kevin Stevens,20,568 Leroy Forge,Owensmouth,California,08626,-65.367852,-6.3912915
Cory Guzman,46,763 Frank Terrace Suite 892,Port Kevin,Alaska,08457,-16.237597,55.5430255
Alyssa Harper,56,2652 Daniel Station,East Isaiah,North Carolina,02452,29.837145,13.7236165
Mark Pineda,37,344 Maxwell Key,New Amber,Virginia,63932,42.151566,-39.650077
Loretta Costa,72,8778 Riley Crest,New Donnaborough,Kansas,92891,-134.643349,39.633975
Maria Walker,57,0743 Steve Run Apt. 964,Davidstad,Florida,80584,82.253078,52.8494025
Carolyn Vincent,68,2605 Green Row Apt. 111,West Shane,Nebraska,77263,-44.667328,64.5129805
Kelly Stout,50,176 Mark Pass,Lyonsmouth,Vermont,30074,-5.364863,63.9025505
Jacqueline Campbell,54,33045 Nicholas Lake Suite 735,North Matthew,New Hampshire,82611,-90.004887,12.648167
Melissa Robbins,34,026 Kristopher Turnpike Suite 407,Khanland,Missouri,91529,-74.865483,19.3723825
Amber Richardson,19,8859 Brian Corners Suite 715,Madelinemouth,South Dakota,48783,117.003760,-1.9845525
Michelle Perez,64,3939 Adams Key Suite 166,West Isaac,Minnesota,65447,-90.355605,83.149577
Gwendolyn Le,30,69935 Bishop Glens Apt. 062,Port Prestonland,Rhode Island,19888,71.297375,84.6550355
Mary Barry,72,94178 Jeffery Road,Scottfurt,Maine,93900,89.753613,68.398323
Elizabeth Ramirez,72,486 Justin Pass,New James,Indiana,66642,97.375667,7.6784305
David Hunter,20,1681 Garcia Well,Harveyfurt,New York,19387,-170.527056,7.3257685
Deborah Chan,68,1133 Lance Courts,Ashleyfort,Alaska,88068,1.176682,-86.0917815
Kenneth Smith,29,76075 Robert Common Apt. 621,South Jennaview,Virginia,46987,-116.300695,-51.842755
Rebecca Fernandez,69,424 Emma Street Suite 673,Yangfort,Kansas,40275,158.394861,84.6576255
Lauren Kelley,54,53302 Walker Vista,Mendozabury,Nevada,32307,136.675699,-44.293532
Tamara Cruz,67,2017 Andrea Roads,South Lindaport,North Dakota,06234,53.018416,61.517477
Sarah Vaughn,38,5205 Daugherty Villages,New Jenna,Vermont,24875,26.049241,16.274446
Christopher Carlson,59,7149 James Place,Michaelville,Nebraska,54888,-78.559135,-39.830135
Megan Reyes,39,2022 Campbell Mall Apt. 047,Kennedyside,Hawaii,99379,100.579511,50.6254865
Charles Diaz,28,9190 Garza Islands Apt. 436,Alvaradohaven,Oregon,82516,-36.736651,-10.943003
Sheila Kelley MD,51,9264 Paul Hollow Suite 509,Juanstad,Georgia,25975,57.428617,46.6223425
Brandon Keller,61,3917 Mcneil Turnpike,Matthewborough,Missouri,15551,46.418937,34.518198
Jessica Parsons,36,558 Chelsea Manors,South Nicolebury,North Dakota,26033,-6.252817,10.906084
Gabriela Maldonado,36,239 Martin Trail Apt. 425,New Kimberly,Maine,10342,-120.650031,4.241890
Christopher Copeland,49,40174 Diane Overpass Apt. 026,Port Shawnville,Louisiana,77853,-144.512606,21.8729995
Anna Gonzalez,39,082 Patel Unions Suite 661,North Johnny,Mississippi,37514,18.814044,-74.2429415
Elizabeth Carter,48,55638 Patel Parkways Apt. 030,Hoopermouth,Indiana,58205,-28.499248,84.1629205
Samantha Bennett,76,38577 Jennifer Corner,Port Joshuaton,Oregon,55603,103.257199,57.3923475
Derek Smith,37,5906 Stark Haven Apt. 386,Lake Reneeview,Kansas,32771,-8.150951,66.067208
Kenneth Rice,25,4658 Cheryl Camp,New Adam,Illinois,58648,-31.814228,-21.579818
Samuel Wright,51,1797 Fisher Islands Suite 334,South Mackenzie,Alaska,62206,-51.181295,6.510175
Jason Williams,57,0775 Denise Rest,West Eric,Kentucky,91038,122.278801,81.831153
Jamie Jensen,32,981 Scott Track Suite 143,Morenomouth,Vermont,52330,155.796376,-3.989565
Crystal Branch,67,690 Allison Hill,New Angelamouth,Oregon,28118,-135.560443,-29.5332885
Allison Johnson,58,306 Jefferson Inlet,New Jeremyfurt,Massachusetts,08923,122.474271,-33.0057905
Elizabeth Henderson,25,1351 Moore Landing,Lake William,Iowa,23209,90.154849,-30.629219
Sabrina Perkins,20,6828 Nicole Circle Suite 884,Gregoryhaven,Arizona,31882,78.498871,52.129043
Dustin Hill,19,1469 Heather Summit Suite 104,Cookton,New York,53326,177.468482,18.6108705
Christopher Valdez,38,58395 Joseph Land Apt. 288,Austinshire,Vermont,58587,-170.084830,-72.593799
Rachel Stewart,76,1968 Katelyn Street Apt. 109,Donnaside,Wyoming,25188,79.414062,-36.2381865
Molly Mosley,45,536 Monroe Shore,South Ericamouth,Louisiana,65025,-167.992691,21.6956705
Shannon Griffith,43,039 Mitchell Causeway,East Timothyfort,New Jersey,71923,160.815088,-2.5061295
Bethany Walker,38,3601 Carr Radial Suite 319,New Crystalport,Arkansas,42138,-56.510682,-16.499050
Richard Foley,27,734 Bruce Haven Apt. 211,West Randyberg,New Jersey,41739,17.332604,7.3783895
Alicia Smith,52,3138 Timothy Park,Stephenland,Minnesota,43409,-138.548165,-21.5428385
Lisa Richardson,43,48170 Murphy Mount Apt. 491,New Alan,Missouri,78062,-61.225530,-23.9242505
Raymond Anderson,25,51489 Justin Lake Suite 605,Barrhaven,Montana,13989,168.099984,16.2264745
Wendy Lane,77,91121 Ashley Turnpike,Stephenhaven,Wisconsin,38767,151.164507,19.3469715
Emily Boyer,27,0997 Harper Run Suite 729,Hallfort,New Hampshire,45608,4.073342,-37.603208
Sarah Gibson,28,36903 Schmidt Ports Suite 942,West Claudia,Maine,55842,165.684655,32.177740
Jade Sanchez,18,1032 Collin Drive,North Vickieland,Maryland,27076,-29.810852,67.204278
Jacqueline Morgan,28,8727 Audrey Land,Lake Andreamouth,Nebraska,77716,34.560343,65.4540105
Jasmine Baker,78,2930 Susan Loop Suite 791,Port Michele,Maryland,68231,-17.842484,66.331844
Sally Saunders,68,144 Tracy Port Suite 634,Danielton,Hawaii,36845,102.687752,-60.422045
Thomas Taylor,66,06754 Jillian Burg Suite 899,Johnsonhaven,Oregon,28847,69.364123,-20.0613295
John Andrews,23,66254 John Parkway Apt. 114,New Michael,Indiana,55470,-91.381560,34.162666
Mr. Kevin Salinas,18,2059 Katherine Cape,Joelhaven,Maine,71409,61.550957,6.7646455
Brian Wyatt,60,9877 Nancy Mountains,Port Brian,Ohio,20472,51.339480,76.384410
Audrey Watts,71,2066 Foster Plains Apt. 586,Lake Marthaton,New Jersey,41083,-91.263570,-72.4655735
Donald Barrett,80,7205 Gill Wall Apt. 419,Danachester,Georgia,81316,167.802039,14.600901
Joseph Aguilar,37,26525 Norris Junctions Apt. 550,Elizabethside,South Dakota,01762,81.959642,-70.7704265
Denise Miller,55,0967 Larry Island Apt. 137,Aliciafort,California,66299,-162.778095,88.6908025
Brenda Johnson,28,33990 Chapman Forges,Lake Daniel,Ohio,96669,-106.532208,33.0534075
Daniel Moran,29,7409 Kirk Street,New Edward,California,81676,112.312657,21.165303
Janet Russell,59,786 Warner Gardens,Port Timfort,Maryland,93257,34.951749,-62.216569
William Medina,58,140 Navarro Roads Suite 118,West Stephanieville,Missouri,65869,-98.510879,-9.9548785
Wayne Flynn,64,575 Lindsey Squares Suite 965,Jasonborough,North Dakota,45962,22.820739,42.959719
Johnathan Martin,38,16167 Jessica Squares,North Tammyfurt,New York,44852,10.153975,-41.2854555
Christy Weiss,68,033 Turner Course Apt. 530,New Zacharyview,California,25664,-121.603239,37.268009
Mike Shah,20,7388 Bryce Crossing Apt. 061,Susanchester,Oklahoma,93147,76.582623,44.897190
Billy Miller,18,684 Anthony Freeway Apt. 351,Vegaberg,Oregon,40016,-93.972250,80.808876
Bruce Morgan,60,3243 Hamilton Forks,Anthonyland,Idaho,61848,-169.307525,4.539478
Sherri Williams,39,7804 Lamb Burg,Christopherburgh,North Dakota,68915,-162.895720,46.5386255
Brian Gray,49,15542 Morrison Summit Apt. 398,Lake Theresa,Oregon,71842,-11.156662,-75.2400405
Andre White,19,799 Cameron Creek,Port Paul,Nebraska,78450,-105.340295,1.045750
William Francis,26,503 Gary Forest,North Sarahmouth,Florida,54305,105.308728,60.2311335
Nicole Abbott,43,5644 Banks Crossroad Apt. 573,North Edward,North Carolina,43096,115.586437,-59.8092485
Peter Anderson,66,7234 Kim Fall Suite 330,West Austin,South Carolina,56963,94.842442,84.1711635
Jessica Mathews,57,44601 Beasley Mall Suite 112,Port Justin,Vermont,23230,-35.417376,89.341011
Benjamin Knight,59,6449 Jennifer Course Apt. 215,Melissabury,New Mexico,07901,-69.473585,60.538151
David Lawrence,50,99121 Jorge Garden,Adrianhaven,Washington,22235,75.423744,-34.8564675
Carrie Larson,73,3618 Danielle Forest,Taylorburgh,Wyoming,33097,-97.417050,-58.2133255
Lori Fisher,71,90975 Brandon River,Gregorybury,Alaska,70008,61.227343,25.377080
Kayla Medina PhD,47,12179 Delgado Estate,Smithborough,Hawaii,56272,-89.840624,-73.915574
Amy Lewis,76,44817 Justin Hills Suite 540,Lake Anthony,Maryland,29631,113.178862,85.0495685
Katherine Abbott,37,021 Dixon Squares,North James,Iowa,95125,32.177087,-74.5790085
Kathy Boyd,59,5032 Reginald Fort,Gardnerchester,Arkansas,23839,161.394522,58.106334
Ryan Knox,27,947 Dawn Springs Suite 881,Howardfort,West Virginia,17045,-165.393691,-3.1238225
Dr. Rebecca Chavez,45,946 Jackson Station Apt. 286,Burnsfurt,Oregon,18951,-28.891305,-25.162574
Cheyenne Foster,54,904 Wright Oval,Millerberg,California,82683,-50.144318,85.6132465
Kyle Buckley,67,578 Gordon Shores Suite 083,Douglaschester,Colorado,45785,-167.454827,-77.203316
Harold Porter,25,20169 Sandra Canyon Suite 053,Port Kaylatown,Connecticut,19833,-2.691106,52.2690665
Jose Juarez,36,8252 Michele Roads Suite 095,South Annaside,North Carolina,31991,-21.684293,13.111536
Lisa Castaneda,55,910 Austin Street,South Michellemouth,Georgia,37635,150.464819,67.6438305
Allison Hughes,25,522 Anderson Radial Suite 679,New Zacharybury,Missouri,23253,-42.260643,-54.8034055
Craig Davis,48,41293 Green Cliff Suite 800,Mcguireburgh,Arizona,03495,49.489945,-25.825843
Anne Vargas,31,91861 Jonathan Curve Suite 701,Grantmouth,Wyoming,89371,-134.106489,51.712669
Amy Baker,56,1003 Raymond Road Apt. 043,Thompsontown,Illinois,88815,71.991631,3.281982
Gerald Bailey,51,0607 Lindsay Flat,Port Andreaton,Wyoming,32944,113.094634,-6.670040
Jennifer Hines,79,57962 Evan Underpass,New Jacob,West Virginia,29153,31.764962,-55.915739
Jessica Keller,35,802 Justin Streets,West Dennis,Ohio,70766,77.841893,-18.6479335
Samantha Maldonado,50,4790 Baker Course,Port Sherry,Rhode Island,46559,164.785228,67.983289
Cynthia Wolfe,18,04760 Hudson Streets,Port Marychester,New Mexico,52833,92.920755,-61.714887
Patricia Smith DDS,32,453 Jennifer Station Apt. 469,Avilashire,Connecticut,36186,-45.738464,63.5968925
Philip Webster,77,2952 Edward Forks,Alexandermouth,Connecticut,61734,-30.418425,29.9476075
Stacy Hansen,27,601 Joseph Crossing Apt. 470,North Jessica,Massachusetts,87400,68.185746,75.9142535
Evelyn Pearson,65,34073 Rhodes Isle,Lake Kimberlyside,Kansas,35489,59.388230,-77.1747275
Kristy White,22,45400 Roman Brooks Suite 250,West Carolport,Washington,99512,144.346224,64.0321275
Timothy Nelson,18,695 Hicks Junctions,Justinfurt,North Carolina,89924,-125.039309,-76.564198
Sean Adams,40,42772 Ivan Tunnel,South Paulshire,Wyoming,82726,-162.640720,63.0691845
Jessica Smith,40,479 Isaiah Parkway Suite 892,Chadside,Utah,89495,166.295724,-6.685248
Sean Richardson,40,900 Edwards Islands,Lake Douglaschester,New Mexico,20180,3.599960,-64.619414
Courtney Edwards,69,1519 Dyer Keys Suite 395,New Carloshaven,Texas,99214,11.174531,73.1844575
Jasmine Morgan,25,91127 Kyle Drive Suite 775,Lake Herbertshire,New Mexico,99418,14.434984,66.5566175
Timothy Barnes,49,1524 Gould Valleys,Castromouth,Utah,69509,43.784890,70.825052
William Stephens,20,7276 Murphy Inlet Apt. 670,New Katherineland,Idaho,99680,47.667236,46.210313
Kelly Howard,38,52380 Herrera Light,Valdezfort,Alaska,28434,136.620079,50.6843915
Andrew Williams,52,4531 Michael Parkways Apt. 195,Lake Jonathanview,Minnesota,59312,-90.719116,0.4526505
Justin Mcdonald,31,0892 Vargas Coves,Scottville,Texas,22289,-129.518525,59.5010345
Cameron Gray,48,7677 Tracy Grove,West Kathy,North Carolina,99458,90.600470,-73.3560555
Robert Murray,65,7982 Jones Causeway Suite 935,East Jackmouth,Maryland,43666,73.243430,-70.807977
Alan Anthony,20,503 Scott Brook,Matthewbury,Arkansas,13259,-49.088132,22.663331
Sarah Houston,42,36799 Sean Prairie,Deanmouth,New Jersey,04527,143.877051,62.021160
Monica Aguilar,47,039 Michelle Road Suite 522,West Ronaldhaven,Oklahoma,30305,-103.559034,-77.8009905
Scott Morris,54,821 Crawford Prairie Suite 113,Angelamouth,Georgia,94792,58.447646,-24.694584
Donna Alexander,60,9684 Nielsen Ramp Apt. 571,Johnview,Minnesota,59161,44.084770,-21.5703195
Nathan Ross,49,07881 Cole Turnpike,Jessicachester,Texas,54964,-164.620283,71.4622585
Teresa Maxwell,46,8683 Whitney Point,Smithmouth,Montana,07650,166.883520,42.6858065
Kimberly Pierce,51,4719 Ford Skyway Apt. 424,Port James,Louisiana,66724,-128.563488,26.056183
Eric Hernandez,63,259 Joe Extension Suite 323,Hernandezberg,Connecticut,84244,-46.695488,24.9798435
Dorothy Hall,64,4950 Julie Flats,Lisastad,Arkansas,71085,-28.834637,-79.864998
Elizabeth King,35,00297 Alexis Burg Suite 853,Ronaldfort,North Carolina,90853,-30.019699,81.950158
David Forbes,26,2079 Sarah Lake,Cherylmouth,New Hampshire,65959,-11.588642,-37.575147
Monique Payne,46,051 Hull Light,Deannamouth,Vermont,06072,57.082786,46.0250045
Brandon Russell,53,810 Gill Ford,West Billytown,Massachusetts,44515,95.016306,82.3989365
Paul Morgan,19,963 Ariel Islands,Bobbyside,West Virginia,72578,8.480250,5.5922075
James Franklin,51,78654 Ortega Station,North Steven,Mississippi,56957,-127.084918,-57.450016
Laura Carter,52,7449 Shah Stravenue Apt. 729,East Dianestad,Kansas,49913,-153.641953,-84.660148
Raven Lucero,38,2047 Brian Unions Suite 143,Shepardville,Minnesota,30725,86.392463,66.828913
Jennifer Carpenter,75,9688 Yoder Valleys,North Jeremyville,Alabama,29704,-45.971096,-51.2285025
Kendra Garrison,33,44252 Alexa River Suite 010,North Marcushaven,North Carolina,37831,82.650445,-44.9881395
Victor Villarreal,46,69756 Adams Radial Apt. 678,Davidsonfort,Pennsylvania,23581,116.916765,-83.2930235
Alexis Edwards,33,1749 Fox Creek,Meadowsbury,Alaska,52080,-178.115417,-38.511577
Julie Myers,42,323 Townsend Mountain Apt. 337,Blakemouth,Idaho,67900,-56.986773,9.359272
Kelly Bates,20,50288 Erin Meadow Apt. 893,Garciastad,Oklahoma,48375,-5.111097,84.4678305
Robert Wood,52,44354 Daniels Fork Apt. 574,North Allenmouth,Rhode Island,64263,154.688274,24.7914275
Christopher Gonzalez,48,52954 Gutierrez Land,East Danielle,Arizona,01818,-55.235694,61.524185
Elizabeth Duffy,23,6080 Amy Parkways Suite 190,Port Victoriaview,Vermont,66375,82.496040,-15.2314035
Scott Wyatt,60,507 Jared Spurs,Lake Joseph,South Carolina,36529,100.655772,-27.8453395
Mrs. Dana Wong,28,2783 Jody Field,Jofort,Maine,76372,-111.855118,68.634784
Jessica Cummings,46,158 Martinez Lights Apt. 870,South Alexandra,Arizona,99351,-159.306964,-70.9182455
Richard Salazar,20,05033 Scott Drive,New Kylefurt,New Hampshire,71937,-45.324586,16.257378
Robert Avila,80,530 Travis Courts Apt. 157,Gainesland,South Dakota,70182,-138.135368,68.6660305
Matthew Kelly,18,4449 Jackson Overpass,Port Kari,Maine,54910,-164.177824,89.4314515
Garrett Davies,40,811 Harvey Flat Apt. 443,Jorgebury,Iowa,71257,-175.076295,84.933826
Laura Larson,31,00223 Hahn Freeway,Sheilabury,Wisconsin,06222,-107.910360,-44.041831
Elizabeth Gonzales,61,29368 Joseph Island Apt. 308,New Loriton,New Jersey,60068,-71.574926,14.0761965
Kristin Downs,43,82724 Matthew Brooks Apt. 371,East Danny,Illinois,60023,-88.410036,41.2989555
Nathan Goodwin,54,223 Brandy Mission Suite 329,Port Heathermouth,Nebraska,62474,168.271480,-19.796014
Michael Rivera,32,2885 Angela Track Apt. 426,North Timothy,Indiana,89718,139.407256,-46.8944495
Steven Roberts,39,5784 Myers Course Apt. 747,East Mary,Pennsylvania,26754,-92.110604,-53.595002
Tiffany Lewis,33,425 Peterson Trail,North Selena,Wyoming,61699,-77.997166,-52.3800225
Denise Thompson,71,22203 Bridges Trail,Pearsonville,Virginia,75052,-32.446886,18.3284695
Melinda Hamilton,66,86634 David Fork Suite 075,Johnsonburgh,New York,43924,-3.899390,24.892398
Bianca Roberts,19,45844 George Oval,North Toniburgh,Oklahoma,91035,-123.632662,-45.5766995
Anthony Russell,36,04140 Warner Prairie Apt. 494,Yuville,Florida,83466,107.771159,83.9032945
Lori Jones,60,6884 Rodriguez Falls Suite 496,Craighaven,Nevada,48361,173.583178,5.448769
Robert Harrison,61,371 Howell Via Suite 311,East Alexandria,Nevada,59841,10.893855,-68.399581
Lori Duran,40,61778 Hawkins Forges,Murrayberg,West Virginia,54779,33.873804,86.8556645
Ana Duncan,25,1106 Kevin Burg,Stephanieport,Arizona,20670,-99.418816,-87.233487
Adrian Oliver,52,0683 Miranda Inlet Suite 594,South Chad,Indiana,73822,-67.736984,-15.582980
Shelley Dodson,25,611 Walker Throughway,Carterborough,Rhode Island,67869,-60.730300,4.6670145
Zachary Jones,48,5738 Oneal Divide,Lake Carlosburgh,Montana,20978,-22.413275,-69.8661545
Shannon Vasquez,77,35060 Dunn Falls Apt. 662,New Scottmouth,Delaware,02917,-28.229619,-66.427133
Eugene Bell,36,427 Tucker Fall,East Tonya,Arkansas,83266,151.528058,-57.490064
Patrick Aguilar,34,689 Torres Divide,Timothyberg,Minnesota,26557,165.920215,76.450210
Brenda Cooper,24,470 Suarez Via,Nielsenmouth,Georgia,45533,-4.406002,-82.9602035
Jenna Reynolds,62,00684 Jessica Field Suite 324,Bethanytown,Utah,36185,157.647354,-62.895621
Jeremy Williams,44,27319 Hernandez Point Suite 055,New Hunter,Texas,56015,-167.670737,-8.4094535
Shelby Garcia,76,43377 Fox Islands Suite 376,Christopherfurt,Vermont,97758,-48.077993,-38.8802785
Ariana Snyder,37,60219 Lewis Points Suite 067,Port Anthonytown,Michigan,64435,-97.442737,-58.7024795
Lori Ford,23,449 Hale Landing Apt. 638,Rebeccaland,Montana,79153,-54.228186,-75.6680435
Richard Wagner,37,9967 Donna Cape Apt. 186,Rioston,Hawaii,52055,-11.064600,24.839335
Norman Smith,62,2282 West Isle,East Wandahaven,Iowa,84656,95.920471,84.708785
Kim Martinez,77,33924 Richardson Coves,New Brian,California,20089,156.870061,-88.607994
Eric Garcia,76,93128 Shawn Inlet Suite 408,Lake William,New Jersey,92544,-35.548599,22.457056
Rebecca Mitchell,46,5983 Jermaine Ridge Apt. 347,Morseside,Nevada,04428,-160.164584,-18.3494335
Michelle Turner,24,782 Burns Dam,Hallstad,New York,17081,121.137994,31.513848
Natalie Wood,54,8606 Susan Tunnel,Derrickport,Kentucky,63610,-45.386855,44.778854
Brianna Dixon,18,66004 Anderson Viaduct,Jessicastad,Pennsylvania,53683,92.458705,37.898315
Jonathan Jones,64,0280 Briggs Drive,Port Michelle,Michigan,11697,-58.852257,-28.2092225
Lisa Wagner,62,146 Cynthia Hollow,Jorgeberg,Arkansas,75128,48.747417,14.8060575
Jennifer Greene,55,56178 Koch View,Meyerburgh,Vermont,51409,-24.450553,70.497604
Leon Benson,19,4424 Morse Union,North Raymond,New Mexico,05951,79.212335,67.605896
Diane Davis,44,95400 Sanchez Fort,East Denise,Louisiana,06591,-55.605410,24.746311
Angel Wagner,32,17767 Hernandez Junctions,East Joshuafort,Oregon,61525,96.517435,59.8752855
Megan Johnson,19,43166 Fuentes Parkway Suite 405,Port Robertbury,Florida,21668,44.901139,-69.8824795
Hannah Thompson,19,48856 Jeffery Land Apt. 563,Russellport,Kentucky,68766,63.403208,-19.698115
Jeffrey Schmidt,48,37429 Walker Ridges,Jessicastad,Rhode Island,62479,-81.824523,-16.1370195
Alison Walsh,75,37584 Johnson Mountain Apt. 190,Josephland,Ohio,67284,149.265115,18.3840185
Cynthia White,79,905 Smith Fort,East Christopher,Florida,56320,134.961128,28.138714
Heather Little,53,35913 Cassandra Inlet Apt. 326,West Ronaldstad,Wisconsin,89726,128.159102,-4.697138
Jason Swanson,19,854 Sandoval Grove Suite 937,Andreaport,California,51903,-124.355481,36.372854
Roberto Meadows,49,06195 Elizabeth Oval,Port Taylortown,Utah,62068,-167.012286,42.0115035
Sandra Frederick,42,451 Jeffrey Street,Phillipsville,South Carolina,22707,164.875892,-42.168685
Patricia Hughes,33,358 Chad Centers Suite 264,Lake Oscarview,Massachusetts,76250,-19.458538,51.370905
Dorothy Macias,38,905 Hudson Highway Apt. 316,West Karenville,Delaware,67522,-177.788109,20.4950855
Ashley Ramirez,54,0444 Jennifer Mountain Apt. 923,Troymouth,Vermont,27131,156.130083,69.684146
Lori Reilly,42,10445 Daniel Camp,Sarahmouth,Louisiana,81792,112.196214,49.4479775
Rebecca Rhodes,18,4778 Samuel Junction Apt. 326,Zimmermanborough,Arkansas,84637,97.925700,5.548859
Dr. Gerald Hart,57,0483 Barnett Junctions,South William,Utah,13144,-65.331897,6.235529
Cynthia Dyer,40,973 Reid Fort,West Melanietown,Pennsylvania,95940,-62.480446,-13.6320055
Sarah Shaw,56,383 Amanda Springs Suite 725,Williammouth,Maryland,19769,85.017009,65.5218405
Jason Carrillo,49,24611 Ho Trafficway Apt. 577,Jessebury,Illinois,15612,-20.760139,66.3618575
Sarah Montoya,35,0249 Connor Overpass,Cohenville,Montana,14185,-94.545402,44.147612
Alicia Huynh,43,74070 Jessica Dale,Amyhaven,Kansas,64561,-81.159921,36.858979
Madison Cruz,22,31243 Crosby Throughway,Ramirezbury,Colorado,50829,157.017111,58.228168
Tiffany Martin MD,77,4018 Rodney Stream Apt. 745,Adamville,Delaware,49533,169.153361,16.6068635
Christopher Eaton,68,2381 Castro Tunnel Suite 206,South Derek,New Mexico,90867,74.217951,-4.995319
Carolyn Buchanan DVM,48,27941 David Brooks Suite 169,Mooneyshire,Iowa,11443,101.214241,-40.0233085
Kevin Marshall,55,533 Brian Falls Apt. 904,Turnerberg,Texas,80876,-85.077020,83.413652
Gregory King,35,459 Leblanc Squares,Ericaside,Texas,78863,152.210240,9.5614665
Briana Prince,38,993 Duncan Stravenue,Richardsonfort,New Mexico,24576,-45.633818,72.0419735
Christina Wright,40,232 Sydney Viaduct,North Thomas,Alabama,47436,-82.949194,64.7230915
Kimberly Green,65,683 Brian Wells,East Jacob,Illinois,17237,75.519332,-5.111714
Patricia Frey,79,025 Johnston Spur,North Carl,Georgia,90575,163.132532,6.8106875
Michael Williams,54,74015 Bell Lane,Kellerfort,Tennessee,90780,-100.578359,46.7339875
Ryan Navarro,63,162 Mark Avenue Suite 347,Mullinsshire,Maine,50994,2.777509,45.4154125
Christopher Allen,49,72781 David Fall Suite 299,Spencerport,Ohio,34675,-28.968636,1.2357805
Samuel Griffith,71,2241 Alvarez Court,East Carolynberg,Illinois,19932,-130.560565,-1.8771545
Philip Barton,61,4549 Norma Stream Suite 594,East Marcus,Indiana,59240,-16.908055,-61.676512
Travis George,19,988 Guerrero Pines Suite 074,North Harry,New Hampshire,24537,95.734221,-81.202995
Kimberly Parrish,71,3291 Smith Brook Apt. 259,Davidton,Arizona,86063,85.047558,-37.7577645
Clifford Chang,71,492 Mark Rapids Apt. 024,West Shannonbury,Texas,14187,168.834593,35.8521035
Oscar Hoffman,55,657 Thompson Street,West Derekview,Wyoming,93762,-33.871363,44.311021
Patricia Lopez,59,819 Thomas Stream Suite 487,Lake Megan,Mississippi,45468,67.686246,24.346699
Jennifer Moore,34,16322 Strong Burgs Apt. 663,Grahamville,Nevada,71589,155.699672,31.1239635
Carol King,70,0328 Tyler Heights,North Kellymouth,South Carolina,20099,-143.490669,-65.5950275
Ronald Harper,21,7352 Martin Light Suite 076,Jonathanfurt,Illinois,85254,-146.793278,27.968692
Victoria Wright,74,646 Campos Ports,Port Brian,Washington,56032,27.565676,-19.223216
Debbie Jackson MD,45,3147 Carroll Square,Port Timothyshire,West Virginia,40402,156.392847,7.622334
Brandi Howard,19,66401 Carpenter Port Apt. 781,New James,Washington,59615,-126.029905,-20.6714465
Jasmine Stephenson,72,64527 Chapman Branch Suite 493,East Nancyport,North Carolina,59323,79.315159,-84.548352
Scott Jones,37,259 Mark Station,Lake Davidstad,California,67299,48.586278,-75.5226305
William Carr,56,9727 Joseph Shoal Suite 556,Kathleenview,Wyoming,55159,-9.038843,78.025869
Anthony Grimes,80,5956 Eugene Oval Suite 043,Lisabury,Kentucky,10648,157.789575,-4.2855035
Jared Wagner,75,23920 Joseph Extension,Lopezport,Nevada,69806,65.589293,66.385616
Diane Heath,58,1436 Marie Haven Apt. 450,Montgomeryborough,Wyoming,60467,32.930915,7.3404245
Bryan Smith,45,8849 Whitaker Forges,Russellbury,Louisiana,74694,65.984991,-57.538989
Sarah Sanchez,21,8128 Noah Flats,Jessicaborough,Tennessee,79659,-27.248471,-85.0225515
Larry Dixon,41,90372 Gallagher Manors Apt. 541,Mcguiretown,South Dakota,94345,168.884663,-42.784540
Larry Moore,20,72895 Robertson Islands,Rodriguezhaven,Nevada,65845,-87.712416,15.4459635
Lauren Munoz,20,57378 Joshua Islands Apt. 522,Simmonsland,Louisiana,36428,-157.764030,76.017333
John Kennedy,25,493 Lisa Shoal,East Amandatown,Kansas,26553,75.786714,-27.569632
Ashley Davis,20,7956 Snow Dale Apt. 187,North Christianmouth,Delaware,23906,69.352502,7.600342
Tiffany Miller,62,09028 Dalton Bridge,North Tracey,Vermont,89638,-65.320670,-46.987932
Hannah Lara,46,0523 John Club,Martinchester,California,88247,119.907947,-27.518458
Melissa Walker,18,7230 Aguirre Point Suite 311,Donaldshire,New Mexico,86741,-30.389991,-13.8853355
Kristina Scott,47,526 Chelsea Fords,Timothyhaven,Georgia,97430,52.827276,-57.6813405
Shane Foster,46,41186 Marsh Plaza Apt. 051,Michaelmouth,Alabama,23641,130.221279,34.5986485
Heather Newman,31,63026 Wallace Ford,Port Timothy,Arkansas,94671,-98.166038,60.605430
Philip Garcia,39,68627 Jason Manor Suite 470,East Kayla,Nebraska,87491,88.660975,41.009766
Tanner Larson,79,35593 Young Squares,North Jeremy,Maine,48187,-1.309749,-36.6798275
Blake Morris,46,190 Jackson Passage,Curtishaven,Mississippi,35476,135.204111,43.8966215
Robert Jennings,34,23612 Steven Shore Suite 687,Lake Mark,Massachusetts,27578,149.827074,-71.0694695
Debra Nixon,19,58245 Allen Port,New Marilyn,Mississippi,80369,-59.323409,75.247929
David Rodriguez,23,512 Paula Corners,Rodriguezview,South Dakota,70905,113.349464,84.5199635
Christine Orr,47,02581 Michael Corner Apt. 807,North Stephanieborough,Indiana,24289,23.592545,43.9912605
Robert Foster,71,1503 Rhonda Creek,Jessicashire,California,51521,56.377115,-36.190402
Nicholas Rivera,80,54097 David Creek Suite 788,Port Adamfort,Hawaii,31481,-26.301773,76.5687275
Douglas Leach,34,7053 Timothy Hollow Apt. 798,Port Maria,Oregon,16035,106.712107,-64.201711
Ashley Gonzalez,62,4450 George Street Apt. 041,Jenniferbury,Wisconsin,85668,-41.927423,3.204819
Michael Patel,39,1690 Dennis Villages,Port Andrew,New Jersey,09391,-97.592329,-89.615537
Olivia Davis,62,1282 Tyler Stravenue,East Aaron,New Jersey,80005,-53.962327,-0.8568085
Benjamin Sanchez,75,325 Sara Station,Riceside,North Dakota,56973,-167.924996,46.738165
Deborah Dunn,43,57501 Tami Trail Suite 432,South Samuelshire,New York,54326,173.066944,83.852374
Tonya Moyer,78,78612 West Locks Suite 825,East John,Rhode Island,64527,97.025534,86.2674725
Kristin Butler,51,0025 Sarah Roads Apt. 190,Lunafort,California,49013,65.846624,-31.3111225
Mary Carlson,47,15255 Fox Road Apt. 263,Stewartbury,Louisiana,39601,169.737771,-27.6624455
Matthew Weaver,18,048 Miller Meadow Apt. 970,Phillipchester,North Carolina,23237,-111.522146,-82.2676245
Christopher May,62,594 Brian Isle Suite 678,Robertside,Wisconsin,37900,41.607036,-15.3698745
Debra Johnson,50,55206 Brown Rapids Suite 141,Judithberg,New Jersey,79629,-66.896629,86.576647
Miranda Schmidt,40,958 John Trail,Theresabury,Arkansas,42890,35.285049,3.9924335
Shawn Phillips,44,6656 Tyler Grove,Port Maria,California,25003,-46.041220,86.0643365
Robert Chapman,28,65095 Oneal Place Suite 016,Lake Jasmine,North Carolina,58268,162.881733,-64.0206935
Jeffery Reynolds,27,04683 Gregory Drive,Lake Jacob,Iowa,18888,-59.245749,6.054497
Kendra Munoz,28,83158 Timothy Prairie,New Christopherland,Oregon,72333,15.561694,49.102760
John Vargas,68,1074 Jacob Throughway Apt. 133,Rossport,South Dakota,87552,44.145651,-75.562058
Brett Lambert,23,258 Deborah Parkways,Lake Danielleburgh,Tennessee,29591,-37.621782,69.411673
Thomas Johnson,66,505 Shields Points Apt. 910,East Jacobhaven,West Virginia,36212,-14.265195,-30.3568085
Leah Ramirez,65,48237 Tiffany Highway,South Charlesburgh,New Hampshire,36831,-95.052081,-1.533812
Bonnie Willis,62,587 Williams Trail,Washingtonmouth,Texas,27900,103.409245,-1.7620285
Jeremy Fuentes,53,382 Thomas Ways Suite 742,Hernandezview,Ohio,68071,1.264876,87.4153695
Kayla Powell,30,12468 Sara Grove,South Stephanie,Colorado,38207,-143.203294,-32.285678
Earl Sanchez,77,37033 Carter Station Apt. 571,South Amy,Idaho,79681,-65.377649,45.683675
Emily Mcclure,48,3084 Alexander Throughway,Port Benjamin,Maryland,70875,-33.872220,-52.988319
Monique Jefferson,46,493 Brandon Gateway Apt. 716,North Jasonmouth,Delaware,36456,44.160703,-47.6742375
James Blevins,43,9421 Johnson Ford Apt. 724,Port Andrewstad,New York,80728,-94.698468,35.9269805
William Cox,75,053 Johnson River,Thomaston,Utah,49220,67.726719,-3.9557775
Tracey Ryan,49,1632 Morrison Manors,Port Heathertown,Missouri,33471,63.741001,-64.5768495
Mark Johnson,72,5995 Madison Center,North Shannonport,Oregon,45529,-157.249818,50.829244
Toni Harris,28,62152 Carla Ridge Suite 736,Rhodesport,Indiana,17690,16.070022,-76.6115795
Paul Wilson,23,4700 Lowe Plains Suite 264,East Rickyfort,Oklahoma,82762,100.757952,30.1655115
Christopher Cantu,80,6801 Alexander Trace,Barnesfort,Nevada,20037,-157.084069,-30.0688095
Mikayla Villegas,78,7283 Kristi Dale,West Jenniferport,Wyoming,57627,-93.575309,-28.6010525
Nicole Warren,39,3794 Leblanc Mall,Millerstad,Connecticut,39856,-31.427366,-14.359566
Patricia Dickerson,78,95102 Watson Square,Hickschester,Montana,67499,121.018753,-27.576331
Pamela Williams,34,843 Barbara Trail,Jenniferside,North Dakota,36109,124.570349,38.470215
Dawn Montoya,54,463 Marquez Isle Apt. 341,Josephmouth,Utah,25138,-124.918239,-27.972822
Jon Ford,25,366 Craig Loaf Apt. 634,North Robertshire,Colorado,03532,-114.413648,5.712146
Michael Vega,19,648 Smith Square,Lake Gregoryton,New Hampshire,16174,23.317526,16.828924
Joseph Thompson,80,326 Kathleen Road Suite 793,New Nicholas,Oklahoma,39101,-112.172271,-59.7724565
Matthew Thompson,52,9396 Coleman Fort Apt. 108,Samanthaburgh,Massachusetts,93306,-175.025248,-29.4241715
Darin Mclaughlin MD,21,931 Kelly Street,Gonzalezshire,West Virginia,76504,85.520924,-37.684414
Rodney Todd,63,71703 Cook Flat,Wrightside,Kentucky,92933,37.629831,-84.102005
Courtney Castillo,43,220 Hannah Mountain Suite 432,West Nataliestad,Missouri,16272,-165.830328,-64.549271
Kevin Campbell,24,1027 Russell Pines Suite 061,Port Christopher,West Virginia,59697,-104.813803,62.493387
Breanna Mays,25,1992 Tiffany Meadows Suite 554,Wrightbury,Missouri,68371,-68.480637,64.1556835
Amanda Mcknight,38,497 Kaitlin Turnpike,Buckchester,Idaho,05910,173.371744,3.6053565
Bradley Jenkins,69,23389 Cheryl Tunnel Apt. 520,New Donald,Missouri,25694,161.084773,-58.374168
Brian Caldwell DDS,41,673 Emma Expressway,Port Barbarabury,Maryland,81254,56.032856,64.5525325
Sarah Henderson,45,771 Sandra Landing Suite 774,Mathewsfort,Nebraska,17360,92.726538,49.755912
Andrea Henry,34,032 Justin Causeway Suite 735,Port Steven,Arizona,31482,31.573237,-39.3517955
Robert Butler,55,735 Campbell Squares Apt. 118,Morganland,South Dakota,01365,-25.776441,68.7595705
Karen Salazar,40,949 Martin Trace,East Matthew,Arkansas,77898,-45.154320,-9.6169035
Nicholas Martin,45,1207 Hernandez Lake,North Richard,Nevada,55107,35.710948,21.8436335
Heather Williams,56,99673 Shannon Ports,Christinehaven,Ohio,59631,-158.041588,-40.210213
Kristine Mejia,18,12419 Bright Manors,Calhounfort,Louisiana,51733,39.381353,37.1925645
Daniel Green,79,799 Bauer Parks Apt. 830,East Steven,Nevada,60050,38.249997,1.559336
Roberto Parker,20,33152 Rhonda Square Apt. 893,West Vernonside,Ohio,96136,106.703714,-71.082098
Samantha Sullivan,29,020 Sandoval Pass Apt. 289,East Timothy,Maryland,23323,-1.512038,88.199673
Derrick Davidson,65,5741 Tommy Park Apt. 081,Shawtown,Oregon,13977,-146.933835,-7.8839385
Daniel Wright,18,788 Andre Motorway Apt. 518,Stephaniebury,California,20456,176.195996,6.6509965
Carla Frank,57,11872 Tina Viaduct Apt. 789,Cynthiamouth,Alaska,49658,-0.964258,13.8355255
Deborah Gordon,79,406 Kelly Island Apt. 243,Alexside,Pennsylvania,54299,87.659929,88.7997095
Holly Massey,49,67596 Armstrong Ramp Apt. 568,Lake Marthamouth,Connecticut,48738,-5.547983,-30.7122935
Tammy Costa,57,6397 Sandra Center,Timothymouth,Oregon,94967,-139.452955,-45.5799725
Angela Gomez,52,141 Payne Plains Suite 351,Jonesside,Maryland,60490,78.821986,35.7026715
Donna Campos,52,28528 Cooper Mountain Suite 939,South Daniellebury,Wyoming,35052,-176.555133,-71.2336935
Thomas Sanchez,64,566 Jack Squares,Port Chrisside,California,26321,22.257220,-79.4847235
Nicole Pena,76,6366 Myers Radial Suite 456,New Daniel,West Virginia,78110,-113.002988,-78.7976575
Mark Lopez,66,875 Perry Corners,East Susanburgh,Oklahoma,52345,6.362463,-18.6860075
Nicole Anderson,49,15568 Jeremy Meadow Suite 748,Port Terrytown,New York,24325,-26.239472,-13.9890145
Carolyn Frazier,42,79580 Miller Drive,Baileyland,Montana,02826,126.149161,-0.810511
Dean Hanson,22,6733 Daniel Street,East Jacob,South Dakota,72094,-33.283866,-84.0685065
Jessica Mitchell,77,60607 Howe Valley,West Kenneth,Illinois,01891,8.031148,49.4056585
Johnathan Ford,46,25743 Andrea Mountains,Justinchester,Texas,09105,41.335350,-4.1172475
Ryan Gomez,31,36861 Jack Centers Apt. 882,West Raymondfort,Alaska,96183,76.049016,82.7195065
Dr. Samantha Frazier,20,47525 Watson Glens Suite 207,Lake Devin,Wisconsin,83511,-35.432903,-25.8014085
Alicia Woods,56,7028 Hicks Mills Apt. 447,South Janeside,Illinois,51730,138.810151,47.6717595
Kimberly Chapman,38,69931 Stanley Lake,Callahanton,Maine,83015,170.333199,2.8873185
Jared Jordan,76,7809 Cindy Gardens Suite 403,North Paulland,Minnesota,48783,-18.291498,13.199309
Bruce Carter,69,72134 Robles Camp,Ginaborough,Kentucky,54539,-160.650923,-0.1084375
Brooke Petersen,38,74915 Ralph Stravenue,Lake Kellymouth,Utah,36689,163.581625,-57.466101
Lauren Mccann,25,662 Hancock Crest Suite 839,Lake Tracey,Louisiana,50893,152.083528,-67.7039425
Megan Williamson,76,4736 Gentry Field,West Steven,Virginia,20830,-5.279024,18.979852
John Mckenzie,36,12415 Sara Views Suite 321,West Lisa,Alabama,16480,-106.194627,-12.628597
Mary Luna,47,94566 Chapman Ridges,Marshallburgh,Illinois,36599,-126.938598,70.1384195
George Case,31,231 Fox Shoal Apt. 857,Smithchester,Nevada,85401,-177.346499,3.122497
Malik Mendoza,49,946 Laura Causeway Apt. 193,East Ryantown,Delaware,01026,0.168596,54.1639125
Emily Martinez,36,8820 Janice Court Suite 703,Stevensonshire,Minnesota,23628,-138.117035,78.1254865
Christine Benjamin,30,437 Daniel Meadow Suite 416,Burgessstad,New Jersey,28290,-9.088764,-21.856854
Christopher Garcia,78,179 Walter Manor,Port Bradleyburgh,Missouri,77942,46.339143,-1.4457005
Christopher Pollard,25,30810 Best Shoal Apt. 594,Jamesland,North Dakota,63921,86.875662,13.2011495
Rodney Wallace,61,272 Julie Inlet Suite 879,Port Robert,South Carolina,42759,141.048288,83.054289
Catherine Davis,64,54651 Miller Estates,Lake Jasonhaven,Kansas,50676,99.140253,28.947036
Laura Lee,28,35872 Duncan Brook Apt. 391,North Matthew,Colorado,67670,58.347216,-85.377131
Mary Walker,49,28744 Wood Centers Suite 762,Port Sarah,New Mexico,12257,-36.269381,34.0702515
Andrew Coleman,19,2289 Scott Trafficway Suite 887,North John,Oklahoma,16826,-55.040180,-79.8299005
Sylvia Dean,49,992 Shawn Parkways,Freemanville,Montana,53405,-7.337483,-22.613551
Jamie Chang,35,022 Joseph Vista,Normanmouth,New Mexico,39777,-20.666163,14.5202765
Cheryl Baxter,21,04981 Payne Park Suite 572,Millerhaven,Rhode Island,18871,67.178027,-87.836103
Kenneth Jackson,53,3869 Forbes Vista Suite 367,Diazmouth,Arkansas,22339,110.136134,-22.1819005
Suzanne Crawford,39,11685 Patricia Ford,West Christine,Montana,09842,66.147593,-39.1063555
Cody Torres,33,15454 David Corner,Williamston,Alabama,20553,-13.039298,-80.4876555
Scott Blair,64,131 Heather Springs Apt. 712,East Cathy,Alaska,27054,97.529156,-88.933061
Mark Garcia,58,59864 Callahan Ville Suite 161,North Dianeton,New Mexico,08807,147.490212,-11.077451
Shawn Parsons,66,0945 Mckenzie Overpass,North Heather,Arkansas,30696,-152.328470,7.8030935
Victoria Dyer,26,776 Washington Garden Suite 596,South Jackiebury,New York,44194,134.615595,72.181111
Teresa Perez,71,594 James Hills,Gonzalesmouth,Delaware,18440,117.600473,7.387858
Selena Huerta,32,5592 Miguel Union,Amybury,Washington,50204,122.397910,51.635371
Cody Hatfield,19,007 Samantha Trafficway,South Melindamouth,Idaho,93561,-139.758534,35.891818
Susan Hood,38,0424 Blankenship Springs Suite 251,New Nathanshire,Louisiana,32093,48.103256,-14.1072595
Tammy Buckley,56,540 Derek Garden Suite 130,North Williamton,Illinois,80992,105.089024,-81.137465
John Curtis,70,760 Steven Key Apt. 497,Lake Megan,Arkansas,75813,-123.033872,3.583295
Gabriel Perry,72,99505 Justin Plaza,East Brittany,New Hampshire,67797,153.041772,51.106202
Hannah Proctor,55,76070 Graham Ridge Suite 540,Lake George,Illinois,49168,-166.093942,-81.9018395
Elizabeth Mccullough DVM,77,2857 Skinner Union Suite 734,Lake Scottview,Idaho,03941,91.818285,-14.9688865
Karen Parker,78,2440 Lopez Station Apt. 258,New Anthony,Idaho,61178,-46.146875,-46.1106885
Kyle Lee,51,6515 Cynthia Mission,Lake Amanda,Maryland,33109,6.760638,-12.011554
Mitchell Perez,29,56216 Hernandez Port,Port Robert,Nebraska,56713,107.151825,4.847981
Micheal Parker,80,86617 Mathis View,Jamesshire,Colorado,21000,141.672274,11.829415
Ashley Arellano,61,666 Jill Squares Suite 220,Vancehaven,West Virginia,48920,-178.211401,48.887410
Jennifer Murray,33,9453 Fernando Court,Elizabethton,Georgia,58671,-49.370911,5.674090
Spencer Shelton,27,26995 Lamb Camp,Rodriguezview,North Dakota,05079,141.950888,-28.307068
Corey Bailey,23,98493 Matthew Oval,Dunlapberg,Wyoming,32240,-141.139227,70.775961
Harold Thompson,75,67069 Steele Cliff Suite 452,New Donna,Tennessee,18017,46.806514,45.665919
Kathleen Wilkins,79,140 Summers Ranch Apt. 409,Carlytown,Mississippi,26563,-128.546713,-66.6498535
Raymond Lewis,70,559 Luke Passage,Austinview,North Dakota,41016,-122.728290,30.3952965
Emily Oneill,66,66512 Tammy Dale Apt. 265,Sherrimouth,Florida,84148,-130.256246,-80.5939785
Gabriel Adams,28,9785 Christina Field Apt. 755,Leonardborough,Washington,23255,37.176813,77.454073
Teresa Flowers,58,041 Poole Squares Suite 408,Adamsview,California,88424,107.344228,-86.626029
Heather Lane,21,47784 Norris Burgs Suite 330,Zacharyburgh,Maine,92659,-62.497874,-70.4303635
Ronnie Hicks MD,74,0181 Vazquez Haven Apt. 867,West Rebecca,Missouri,72528,-65.608739,4.0852245
Lindsay Williams,58,228 Cervantes Estate,North Michaelbury,Virginia,70345,14.943014,31.339241
Patrick Adams,69,6969 Kayla Pines,Michaelmouth,Wyoming,98816,64.945157,77.436886
Stacie Wong,55,4987 Hernandez Underpass Apt. 880,Jonathanton,New Hampshire,00647,-113.423023,15.318943
Rebecca Ford,78,1806 Hansen Lake,South Michael,Illinois,44174,63.677877,-17.127158
Patrick Terry,80,030 Salinas Valley,South Susan,New Mexico,26898,158.727611,35.801919
Megan Phillips,35,620 Wilson Field Apt. 021,South Shannon,Michigan,97811,-26.619547,-60.138749
Crystal Fleming,47,8365 William Inlet,South Christopher,Illinois,23504,163.303853,-84.483780
Alexis Miller,53,7074 Lee Fields,Gregoryburgh,Florida,72306,22.067872,75.8446825
George Hopkins,80,0166 Troy Via Suite 070,East Cassidy,Arizona,17263,33.787963,4.5214075
Kevin Galvan,27,583 Henry Shoal Suite 184,Lake Daniel,Delaware,29909,12.224664,80.6600265
Christian Carrillo,78,008 Kevin Hill,Port Justin,Virginia,94449,40.808128,40.4753955
Tony Lee,35,584 Parker Pines Suite 612,New Christinaside,Mississippi,71717,-133.416656,-12.327873
Martin Nelson,78,7153 Crystal Orchard Suite 756,New Richardport,Nebraska,67591,6.141499,59.705693
Christopher Savage,57,1636 Smith Crest,Port Jasonland,South Carolina,02164,-118.524552,-13.6645875
Dwayne Ramsey,24,89274 Melissa Landing,Vanessaton,New York,10605,29.465461,0.648080
Jennifer Morris,77,5828 Ewing Trail Apt. 217,Jonesport,Minnesota,76498,91.959839,-68.0941775
Jennifer Ward,24,2800 Jensen Springs,Lake Oliviahaven,Michigan,56936,-9.240685,0.1868995
Brandon Sandoval,80,0373 Taylor Lake,Davidland,Rhode Island,96703,150.244862,-18.1671795
Jeremy Moore,26,328 Glenn Canyon,Matthewfurt,Michigan,73902,107.543623,-4.1520505
John Wilson,72,555 Keller Locks Apt. 140,Teresaburgh,Delaware,21857,119.270143,-79.251346
Joshua Bird,80,03809 Rodney Street Apt. 628,Martinezstad,Texas,21208,-105.242363,73.683889
Mark Evans,41,555 Sanchez Row,North Tinamouth,Idaho,15191,42.480616,-37.0821975
Pedro Jordan,48,5266 Ronald Locks Apt. 034,Russellstad,New Mexico,69662,-137.351227,37.5485695
Matthew Mcpherson,19,283 Anderson Ford,Jasontown,Nebraska,24332,-67.943257,-80.806492
Ryan Ibarra,34,008 Nicole Bypass Apt. 781,North Kathryn,South Carolina,51949,-112.359221,-54.1564005
Robert Hodges,44,778 Hammond Underpass,Jamesville,New Hampshire,01349,159.479951,27.3006195
Jessica Novak,65,13408 Archer Street,Lake Joanne,Colorado,41547,53.825340,11.8998005
Darlene Jordan MD,29,272 Allen Mountain,Lake Brittany,Tennessee,03305,10.637714,-61.5280195
Andrew Brady,71,864 Christopher Corner Apt. 197,New Sara,Virginia,62489,18.703885,-58.3332145
Sydney Johnson,77,02909 Salinas Streets,New Alexanderton,North Dakota,90745,38.728641,45.658764
Julie Baker,31,19638 Paul Ramp,New Richard,New York,16665,47.033795,0.8713735
Alicia Gallagher,68,3083 Scott Court Suite 084,West Jennifer,Oklahoma,16985,102.763829,-30.5396645
Samuel Porter,19,1161 Eric Club Apt. 947,East Melodystad,North Dakota,43506,-132.935479,18.750296
Michael Berry,26,92758 Jackson Burgs,Durhamport,New Mexico,88353,-133.336188,25.2622155
Mary Blackwell,57,561 Willie Hill,East Brandon,North Carolina,35176,-167.078526,72.2002065
Frank Lane,63,22835 Garrett Walk,East Christopher,Indiana,72995,29.877040,14.530115
Joshua Gray,74,51887 Yoder Stream,Lake Crystal,Alabama,67377,-26.398346,8.302932
Jennifer Thompson,58,93555 Orr Fords Apt. 319,Thomasside,New Jersey,74609,-118.202996,-86.6604285
Hannah Reynolds,62,754 Emily Locks,Goodmanview,Massachusetts,20947,66.779514,-34.459570
Gabriela Gutierrez,62,682 Atkinson Pines,Lake Manuel,Idaho,32552,144.817490,-80.4830195
Karen Wall,59,5795 Meza Summit Suite 344,Jonesview,Florida,50797,-136.074057,-24.156589
Tara Parker,70,38231 King Prairie,Perkinsburgh,Vermont,80859,154.773755,-38.9307165
Stephen Hatfield,70,9872 Rogers Overpass,Port Frank,Nebraska,03786,105.683502,74.4817775
Jeremy Vincent,18,83879 Tonya Groves Suite 936,Martinport,Tennessee,43070,177.259967,34.086116
John Harris,24,703 Young Mountains,East Elizabeth,Mississippi,94112,156.867666,-76.8863675
John Kim,32,367 Katie Loop Suite 172,Joshuaville,New York,50584,17.039358,-89.7351845
Sonia Roman,28,636 Christopher Manor Suite 979,Lake Nancy,Kansas,69067,6.430649,33.778689
Marcus Nguyen,71,4927 Nicole Lakes Apt. 215,North Alexandra,California,40926,-107.236504,61.026147
Brett Allison,34,583 William Streets Apt. 605,South Robert,Arkansas,78551,50.200867,-13.4970955
Christopher Vasquez,19,184 Smith Tunnel,West Brandi,New Jersey,82314,93.742147,-3.174561
Nicole Lucas,52,7931 Debbie Knolls Suite 707,Paulfort,Wisconsin,94401,-14.417196,88.978024
Joseph Clark,61,31463 Julie Coves Suite 022,North Michaelborough,Louisiana,54165,-63.255935,-50.853748
Justin Smith,54,26571 Gonzales Meadows Suite 526,Port Justin,West Virginia,85003,-120.584487,34.440873
Joseph Moore,28,02551 Cohen Loop,Port Robertside,Pennsylvania,05076,-57.464599,52.718098
Mrs. Aimee Vazquez,59,9577 Stokes Meadow,East Christina,West Virginia,68656,-83.324572,-47.205563
Samantha Potter,72,5488 Wilkins Lakes,East Susanton,Kentucky,41012,125.145213,-29.4247025
Glenda Mejia,25,047 Albert Lock,Lake Leemouth,Arkansas,19901,118.446452,-51.5230465
Gregory Lopez,79,33601 Eric Run,South Christine,Kentucky,92551,-121.197514,4.021840
Danielle Walker,66,4660 Riddle Run,Mejiafort,Georgia,23819,-67.254698,13.065874
Mark Bennett,78,7992 Scott Inlet Apt. 924,Jasminechester,Nevada,01605,50.022460,-40.9138315
Steven Bailey,20,0654 Camacho Brook,Padillaville,West Virginia,81523,36.843114,20.156960
Caitlin Lee,42,26338 Richards Trail Apt. 804,North Aaron,Colorado,06999,-45.183409,-59.4977335
Matthew Grant,78,7368 White Ramp,West Sherriburgh,Florida,04090,175.234096,-18.8854545
Reginald Robertson,71,996 Christopher Lights,Simsshire,Colorado,15486,-91.243804,9.9821305
Ryan Carroll,33,8443 John Brooks Suite 854,Rangelside,Georgia,34114,168.332887,-57.5734965
Ashley Taylor,32,83170 Tom View,Roberthaven,Iowa,83798,-121.949362,36.7154465
Matthew Baker,80,721 Anthony Key Suite 885,East Andreatown,Louisiana,50992,-23.236174,-78.0295495
Dakota Hernandez,22,47107 Fernandez Islands Apt. 137,Matthewport,Georgia,92164,-145.195361,8.7461855
Mr. Lawrence Gilbert,42,5337 Joseph Manor Apt. 623,West Maryhaven,Kansas,24138,169.094111,-11.9186455
John Weeks,50,0310 Christopher Ways,North Kelly,Wyoming,19139,160.992064,48.7043225
Mrs. Lisa Owens DDS,52,48071 Valerie Crescent Apt. 984,Anthonyborough,New Mexico,98123,-31.472580,86.7797215
Christopher Washington,69,473 Barnett Overpass Suite 739,Port Amandachester,Illinois,34401,-8.213963,-59.6598975
Amy Evans,21,897 Neal Overpass Suite 816,Penaport,California,76030,16.160871,5.5990875
Andrea Owen,47,84037 Paul Fall Apt. 953,Jenniferfurt,Kentucky,46772,72.115604,-29.336227
Brittany Henry,73,5186 Hunter Keys,New Amandafurt,Georgia,70178,-144.715840,-34.9005495
Jessica Salazar,61,861 Banks Ridges Apt. 787,Lake Samanthamouth,New Mexico,11321,-18.104584,-30.4315995
Timothy Martin,20,668 Smith Place,Lindaville,South Dakota,78214,-119.914316,-57.1723375
Christopher Franklin,50,5960 Desiree Centers,Lake Sarahstad,Mississippi,28412,-161.051080,22.272304
Dr. Thomas Parker,22,31166 Deborah Loop,East Josephfort,New Mexico,16116,53.234954,0.812597
Phillip Morris,49,1601 Ellis Lakes,West Gerald,Illinois,17953,-149.103549,-32.932046
Margaret Little,78,56759 Dillon Place,South Evelynfort,Georgia,75577,42.221055,-62.004594
Tracey Flores,56,14623 Jacob Flat,Lake Robert,Pennsylvania,74643,162.771767,-68.563946
Sandra Stephenson,22,42475 Rivera Alley,Lake Elizabeth,California,82371,-50.863052,46.828366
Steven Martinez,69,545 Erik Trafficway Suite 222,Sanchezhaven,Hawaii,05871,-25.567721,-69.117761
Andrew Washington,48,42001 Miller Meadow,Mcdanielshire,Connecticut,22320,110.972337,71.632850
Curtis Smith,38,3081 Linda Square,New Kyle,Alaska,39124,-82.037478,11.572703
Robert Adams,31,853 Christopher Path Suite 932,Karenland,Illinois,96533,-36.384315,75.487867
Bethany Crane,23,8953 Newman Parkways,Jasonstad,Illinois,14657,-77.454910,43.202072
Laura Perez,37,061 Miguel Crest Apt. 261,New Margaret,Alabama,25754,128.785163,81.3402355
Joshua Wilkerson,63,934 Jeremy Rest Suite 060,Michelleburgh,South Carolina,48691,-56.807415,8.715068
Karen Stevens,59,05872 Edwards Turnpike Apt. 988,South Matthew,Minnesota,10957,176.442078,-59.2689195
Ashley Wilson,54,47759 Peter Circles Suite 156,South James,Hawaii,97244,40.357868,-84.9876315
Samuel Kramer,46,413 Moore Bridge,Grahamshire,North Dakota,83479,79.624078,49.484641
Kyle Holmes,25,73225 Hernandez Port Apt. 080,Lake Andrew,New Jersey,46287,-42.892516,74.198069
David Miller,69,05228 Brooks Plaza Suite 418,New Diane,Kansas,03405,-16.381892,-48.7916825
Michael Ray,37,209 Sosa Branch Suite 852,Clarkmouth,Alabama,96241,-127.711034,25.347663
Erica Holloway,77,0144 Julie Manor,North Collin,Missouri,08302,136.853628,-47.202724
Jonathan Mcdaniel,55,619 Morales Walks Suite 243,Jeffton,Alaska,47412,-29.358979,-80.2774405
Joshua Yu,58,56952 Michelle Fords,New Vicki,Indiana,76254,35.139358,79.6036525
Michael Hayden,35,83044 Lauren Glens Suite 549,Lake Ariana,Minnesota,50575,108.180054,19.600426
Tara Williams,75,307 Cruz Way Suite 035,South Pamela,North Dakota,32028,-90.150843,-79.422212
Lisa Shah,70,47965 Jacqueline Fall,Reedton,New Hampshire,80331,-148.734727,-61.395659
Victoria Wilson,55,43859 Barker Forest,Melissatown,Virginia,25595,143.293633,-57.134857
Thomas Parker,67,639 Massey Trail Apt. 313,Dickersonmouth,Tennessee,46530,5.881776,60.1388985
Alexander Smith,24,7810 Hill Meadow Suite 354,Tuckershire,Wisconsin,49505,-126.296864,-71.988576
Ricardo Best,79,94970 Cynthia Parkways,South Danielle,Michigan,39215,52.025355,65.123933
Scott Rose,22,115 Tyrone Wells Apt. 612,Port Donna,Florida,81027,85.427318,59.625056
Nicholas Lewis,71,49023 Morrison Burgs Suite 619,Mcdonaldview,Illinois,32319,74.286437,25.213902
Nicholas Mcgee,79,5114 Brown Ville,Sarahfurt,Texas,53612,56.020724,7.650632
Cindy Wade,23,215 Debra Flat Apt. 907,Ryanmouth,Arizona,37192,173.665452,-76.2773865
Christine Phillips,71,89258 Peters Greens Apt. 656,Michaelfort,Maine,90747,96.605148,-39.7124515
Mr. Gregory Parsons,60,2621 Phillips Crossroad Apt. 669,Lake Johnmouth,Alaska,34643,-174.173784,-42.558015
Bethany Gaines,51,68352 Amanda Fork Apt. 636,Port Penny,Maine,70059,-4.392705,-27.598001
Amanda Sanders,60,76548 Jones Drive Suite 198,Bowersland,Tennessee,76867,46.578734,41.8264845
Dr. Deborah Mcdaniel,74,282 Claire Bypass Apt. 025,West Theresamouth,Mississippi,36372,30.903290,-58.556201
Robert Smith,23,55399 Madison Mountain,East Joeport,Massachusetts,59050,-44.895833,32.3707975
Christina Simmons DVM,45,92131 Jessica Bypass,Julieborough,Minnesota,53582,-170.822851,-45.4684945
Robert Short,69,351 Mcdowell Pines Suite 401,Kramerton,Ohio,01103,168.918905,59.6409555
Teresa Ellis,61,8405 Jeffrey Mount Apt. 714,Port Kimberly,Arkansas,55757,22.439097,29.2801195
Norma Francis,31,0648 Matthew Garden Apt. 540,Kristieside,Delaware,13701,-157.570340,-31.0001745
Carol Taylor,77,839 Daniel Ferry Apt. 809,Parsonsmouth,Nebraska,80080,121.647862,-11.039253
Daniel Osborne,67,7034 Townsend Pass,South Allen,Minnesota,38717,-121.055865,-81.728814
Glenn Sanford,21,24396 Murphy Ranch Apt. 613,Deanhaven,North Carolina,01584,-116.949300,-6.906785
Anthony Robinson,62,3465 Sims Rue Suite 422,Adamside,Ohio,65825,-76.772340,38.212533
Daniel Watkins,48,6822 Costa Trail Suite 454,Stephaniestad,Iowa,22427,57.956493,45.370968
Edward Harris,32,0474 Alexandra Green Suite 872,South Kellyview,South Dakota,28224,124.534308,-34.901591
Jeremiah Zavala,80,9474 Erin Union,Medinachester,West Virginia,14296,110.277307,-10.3637595
Diana Lawson,45,8269 Cortez Ramp Suite 824,Biancaland,Michigan,36046,-161.003115,-20.6325155
Karen Allen,62,328 Adam Gardens,Allisonfurt,California,27565,163.472294,71.2911315
Joan Allen,53,096 Brown Trail,Brooksview,New Mexico,79785,-63.789413,43.0693455
Earl Wells,38,90348 Medina Villages,Romanstad,Virginia,04791,47.697780,37.4917905
Grant Walker,63,704 Graham Plains Suite 094,Port Austinmouth,Kentucky,65321,-17.235796,67.369127
Austin Copeland,38,7555 Stewart Spur Suite 620,Garciaton,Vermont,23472,-88.929988,28.171367
Jason Hammond,40,75892 Kramer Islands,South Valerie,Florida,64650,96.080411,-52.613653
Michael Williams,22,8055 Jennifer Key Apt. 426,New Sara,Iowa,46987,-27.382061,0.5009575
Ashley Marshall,24,9024 Mendoza Ferry,Villarrealport,Florida,15362,100.365573,-4.591108
Jessica Johnson,30,7100 Kevin Viaduct Apt. 737,Coxton,Maine,37137,136.111421,81.057643
Terry Berry,79,46247 Nicole Corner,East Amanda,Michigan,85954,-102.727496,-75.7237785
Julie Bishop,42,0292 Christopher Light Apt. 386,Sullivanfort,Maine,18387,56.033866,10.0772965
Jordan Kelly,44,3534 James Divide Suite 591,North Joseph,Arizona,24232,105.126980,30.3115095
Mary Baker,75,2922 Smith Courts Suite 987,Lake Michaelberg,New Mexico,97899,173.016804,-69.630261
Jeffrey Bennett,56,820 Janice Brook Suite 817,East Charles,Oregon,94129,-9.209337,89.3465625
Rachel Parks,57,1866 Randall Radial Apt. 709,Pamelabury,Kentucky,88140,-161.477520,82.6702115
Tracy Schmitt,74,92437 Charles Mountain Suite 860,Pittmanfurt,Wisconsin,50879,-177.097633,62.4260145
Michelle Bryant,25,259 Adrian Village,Smithfort,Colorado,58899,126.142268,-10.0437515
Nathaniel Ochoa,70,826 Kelli Summit,Stephensmouth,Missouri,62041,-16.070049,52.5436285
Joel Price,22,102 Gabriel Meadows,Waltersberg,Vermont,33233,22.577401,31.308413
Johnny Vasquez,35,7231 Barnes Forks,New Jacobbury,Wisconsin,03259,1.451218,-44.317124
Sarah Powers,52,94076 Stephen Court Apt. 755,East Kristy,Tennessee,45388,98.965422,11.968845
Gary Hunter,35,82308 Obrien Mission Apt. 583,Turnerberg,South Carolina,24230,-24.189110,-67.796102
Aaron Whitehead,50,8318 James Avenue Suite 839,Ericaport,New Hampshire,69606,20.753783,53.3385385
Patricia Meyers,80,194 Brian Orchard,West Carlaside,Alaska,55158,-60.600797,50.690450
Christina Long,29,90018 Susan Crossroad,Emilymouth,Pennsylvania,62409,96.253753,38.6739155
Megan Scott,71,57549 Lisa Landing,Greenstad,West Virginia,56621,-141.299622,18.073493
James Pena,27,9192 Spencer Vista,South Brittany,Texas,34325,-165.863642,-3.8094075
Miguel Roberts,58,830 John Trail Apt. 165,East Christina,Indiana,56848,14.241198,-44.9976935
Sarah Moses,49,473 Solomon Walk,West Joannaville,Michigan,85686,92.378275,45.0568375
Stephen Franklin,34,690 James Camp Suite 167,Mariomouth,Mississippi,39698,-83.411744,-10.3462925
David Johnson,27,499 Roach Harbors,Pageland,Kansas,87873,-97.362966,-82.676638
Emily Whitney,43,70646 Garrett Plain,Shermanside,Missouri,65826,157.303306,1.908262
David Nelson,61,71809 Shelton Flat Apt. 568,Arnoldhaven,Wisconsin,68800,131.231455,-62.173675
Ellen Ruiz,74,496 Lara Place Apt. 697,West Matthew,Nebraska,90562,119.670697,83.6672085
Meredith Goodwin,20,75875 Cameron Neck,Cruztown,Kansas,33530,75.050579,-74.706922
Abigail Jordan,73,58804 Joseph Falls Suite 088,Kimberlyfurt,Tennessee,99899,145.475575,-40.000597
Christopher Henderson PhD,19,115 Cindy River,Georgehaven,Utah,74845,-3.417339,35.7658405
Shelia Sanchez,70,427 William Streets Apt. 767,East Jessicamouth,Vermont,02385,-90.676740,42.6124815
Christine Lee,36,16149 Connie Rue,Maysbury,Montana,85496,-129.053647,23.6966945
John Cowan,47,7176 Beck Point Suite 616,North Traciside,South Dakota,10183,-39.366058,-81.7693815
Benjamin Buchanan,50,4442 Ellis Center,Port Matthew,Idaho,13021,41.371227,-1.795464
Steven Robbins,18,04669 Buchanan Center Suite 834,East Isaiah,Wyoming,29417,-51.218503,-1.279680
Devon Cantu,78,527 Peters Walk,Lake Timothyview,North Dakota,40732,-5.761267,-82.092421
Sue Watson,28,9087 Kelly Manors,Kristinaland,Delaware,87497,55.111561,-62.174060
Christina Ferguson,35,393 Smith Locks Suite 271,Robertton,Massachusetts,04823,100.397391,-60.6825365
Tammy Webb,31,005 Hall Parks Suite 347,Lake James,Michigan,03882,-88.097471,85.5574325
Travis Spencer,80,5172 Samantha Wells Apt. 216,Stephanieport,Indiana,47501,153.900700,-2.6013695
Tonya Hunt,31,517 Monica Pass Apt. 670,Salazartown,Mississippi,09621,-28.425897,-81.8418575
Abigail Jones,38,5661 Choi Place Apt. 692,Craigville,Tennessee,19131,-77.918926,-47.3440225
Maureen Hamilton,37,4720 Richardson Glens Suite 611,West Rebecca,Indiana,09681,15.421211,29.099169
Kelly Sanders,49,0954 Lisa Key,West Lynnberg,Louisiana,59997,-25.320642,-62.504557
Richard Sparks,55,02076 Kenneth Spur Suite 062,Emilybury,Louisiana,65508,-129.478910,-40.9737735
Mark Ramos,41,0324 Rodriguez Overpass Suite 951,Raymondberg,Wyoming,98575,-65.291700,-13.725061
David Bauer,79,878 Lori Plains,South Ashlee,Arkansas,19079,161.074369,-18.0767575
Keith Bennett,63,194 Robinson Island,New Kelly,Maryland,92106,-9.901294,28.172173
Kelly Larsen,79,00255 John Parkways Suite 756,Lake Alexisbury,Michigan,87832,-45.748211,41.965027
Kelly Brown,72,654 Adam Creek Suite 225,West Christy,Kansas,75983,90.753207,69.133255
Heather Jordan,77,495 Jesus Track,Austinborough,Iowa,06280,-26.068189,89.8313055
Debra Daniels,30,07006 Joshua Turnpike Suite 227,South William,Washington,80796,44.013256,56.496777
Joy Jackson,62,993 Logan Turnpike Suite 079,Benjaminport,Massachusetts,25750,159.488426,74.888439
Nancy Sutton,31,86151 Karen Turnpike Apt. 090,Port Justinberg,Kansas,37362,-146.932713,19.2770995
Brian Williams,66,71174 Michael Station Apt. 020,Port Eric,Hawaii,35593,120.849895,-71.6461215
Charles Blair,28,107 Smith Corners Apt. 521,Davidmouth,New Hampshire,76182,28.497271,69.2368655
Jon Macias,28,6407 Aaron Rapids,Hintonshire,Ohio,93559,6.081649,81.267135
Sabrina Carroll,72,64563 Glenn Neck,East Kevin,West Virginia,86771,143.703564,73.977888
Carolyn Davis,33,90497 Strickland Park Suite 628,East Benjaminmouth,Maryland,68552,45.485271,35.2626625
Cynthia Morris,54,64670 Nicholas Ville,Williamchester,Mississippi,25349,152.972150,-17.602437
Maria Smith,21,3193 Cooper Islands Apt. 809,East Jennifer,Oklahoma,95823,-106.697716,81.922454
Dustin Huff,72,47803 Dominguez Courts,Wilkinsmouth,Mississippi,33303,-146.743747,33.6060095
Scott Baker,74,49455 Michael Loaf,North Steven,Minnesota,68887,102.392837,-53.0471085
Olivia Beck,51,7764 Joseph Islands,Lloydside,Hawaii,95489,177.373364,75.7885945
Jonathan Parker,32,20940 Rhonda Knolls,Romanland,South Dakota,54453,50.954183,38.017240
Thomas Baker,78,20119 Lamb Passage Apt. 004,Lake Rogermouth,Illinois,92213,106.232092,86.5223505
Melinda Martinez,63,402 Lopez Shoal,West Davidfurt,Missouri,21485,38.454966,-30.1760195
Cameron Calderon,73,018 Lopez Mountain Suite 653,Port Christyside,Idaho,58946,-170.225414,75.6818475
Jacqueline Morgan,21,408 Kerry Landing Apt. 253,Lake Sara,South Carolina,73459,-13.120671,13.145610
Heather Aguilar,36,8277 Wood Rest,Port Bobbyport,Texas,49067,13.370821,-29.4868725
Steven Martinez,61,25701 Albert Forges Apt. 504,Shelleyburgh,Alabama,11956,81.127903,-79.734202
Samuel Davis PhD,70,23088 Ashley Turnpike,West Tom,Vermont,81721,-32.482840,-54.6540405
Lisa Brown,55,71469 Brady Spurs Apt. 473,Riceton,Arizona,35385,121.298393,40.4323765
Samantha Salazar,59,6583 Hannah Brooks,Joshualand,South Carolina,31924,-83.588403,-43.5323145
Renee Craig,49,309 White Cape,Port Joanneview,California,26778,35.716765,-63.831355
Mary Phillips,66,983 Megan Harbors,Madisontown,Oklahoma,89667,-27.447189,-69.6024245
Christopher Boyer,79,627 Mitchell Rapid,Barryberg,Nevada,61071,153.152062,43.1500405
John Bowman,51,616 Sarah Mission Apt. 446,Allenstad,Kansas,58124,155.521226,-83.9243165
Martin Douglas,49,5679 Kelly Garden,Wrightville,Arizona,54800,127.384582,-31.238121
Gail Rose,41,592 Jason Dale,North Kristenbury,Nevada,98518,-87.451793,19.819184
Holly Turner,35,982 Marshall Ramp Apt. 254,Lake Darren,South Dakota,87002,-6.017275,31.2905785
Hunter Williams,22,2783 Baker Estates Suite 842,Lake Cynthiabury,Iowa,01734,-80.477727,-14.405309
Sarah Preston,72,346 Torres Common Suite 230,North Stephen,Louisiana,53193,-155.526302,-48.195047
Kathleen Johnson,76,82004 Johnson Knoll Apt. 761,West Johnnymouth,Virginia,79986,-7.484433,-32.327529
Luis Watson,69,2501 Baker Mission Apt. 832,Lake Heiditon,Nebraska,94090,155.493089,77.1876055
Scott Martinez,51,556 Christopher Trail,Lake Joshuaton,Florida,56108,49.131198,56.1605065
Ms. Tamara Fleming DVM,20,490 Webb Flat,Smithbury,New Jersey,82451,79.276040,69.522311
Linda Moore,49,288 Joshua Fork Suite 538,South Lauriechester,Idaho,62676,-170.644963,14.351947
Travis Evans,74,879 David Creek,Jasonhaven,Montana,38059,101.525001,-63.717912
Cody Sanders,50,11705 Stacy Drives,West Matthewville,California,53201,112.897758,37.647849
Marie Newman,20,602 Smith Pass,North Catherine,Michigan,38261,135.258127,-35.2764035
Holly Molina,35,6280 Lawson Extension Apt. 512,Charleshaven,Louisiana,72744,-91.987428,-25.684626
George Reid,54,233 Tran Fields Apt. 615,South Maureenview,Oklahoma,73059,-111.132510,8.724694
Dawn Hanson,34,3612 Marcus Ports Suite 905,Lake Lance,Maine,01414,-122.422153,20.676677
Mark Campbell,64,1743 Espinoza Branch Suite 796,Andersonmouth,Connecticut,25156,-107.230533,-43.459140
Russell Maddox,24,98411 Maddox Squares,North Nancy,Virginia,40663,112.113916,79.741360
Anna Duncan,25,51868 Tara Parkways,Alexisland,Wyoming,80524,57.753860,-84.7072465
David Jackson,21,0531 Gloria Shore,Lake Katherine,Ohio,90259,-135.416052,15.7894675
Melanie Hoover,74,2471 Nathan Throughway Apt. 172,South Natalie,Michigan,74579,71.989427,31.410270
Karen Hoffman,77,2015 Mitchell Wells Apt. 107,Kathrynmouth,New York,97047,-121.985162,20.4494915
Matthew Pham,48,1130 Wood Lakes Apt. 720,Craighaven,New Hampshire,03641,-114.631778,85.1335955
Gina Elliott,22,93072 Dwayne Stravenue Apt. 565,Spencetown,Alabama,88838,-95.814064,-27.4604595
Kaitlyn Schaefer,74,4651 Jimmy Estate,West Tabitha,Rhode Island,84248,-150.198786,89.4911785
Rhonda Morales,34,9328 Cristina Locks Apt. 235,East William,West Virginia,49229,38.710032,-34.5177625
Daniel Adams,28,80304 Neal Crest,Lake Heather,Iowa,12630,-170.905328,-86.018360
Shane Patterson,34,07647 Wright Mount,South Cassandraburgh,Arkansas,13042,115.300026,48.470908
Heather Taylor,37,8679 Jenna Drives,Dennisfort,Montana,08886,-107.945024,-82.9872325
Renee Evans,24,80271 Frazier Terrace,West Carlos,Georgia,46853,169.884060,-82.2611425
Gregory Henry,41,8917 Meyer Mill,Lake Arthurmouth,Delaware,60967,122.688659,15.7394885
Jennifer Walters,79,296 Elizabeth Motorway,South Theresa,Kansas,54359,45.082164,-0.936606
Arthur Kirby,23,8065 Sullivan Village Suite 515,Racheltown,North Carolina,49068,112.469683,-89.7786715
Sarah Hoffman,18,7599 Tyler Walk,Lindseyborough,Kentucky,32799,33.539280,32.153200
Hunter Martinez,78,247 Briana Villages Apt. 405,Christon,Nevada,99041,176.962983,61.3636255
Jeremiah Gregory,49,9919 David Ferry Apt. 602,West Kathy,Missouri,10624,-141.040144,18.799940
Michael Ortiz,73,835 Shelby Crest Apt. 073,Dianebury,Montana,27338,-18.237712,-6.234432
Jeffrey Webster,71,6531 Francisco Oval,Smithbury,New York,70032,146.686551,-67.763458
Richard Lopez,68,7383 Joy Manor,South Brentfort,Minnesota,55646,-70.701976,8.280600
Christopher Brown,57,880 Klein Spring,Traviston,Georgia,22919,-61.718410,-61.3325705
Jenna House,52,053 Aguirre Mountains Apt. 054,Rosalesberg,Delaware,26696,5.975387,-40.692031
Timothy Farmer,40,297 Luis Groves Apt. 827,Stephanieborough,Colorado,09197,-122.002921,-20.178422
Juan Mitchell,41,2011 Logan Wall,East Robertville,Maryland,40506,3.725857,62.458851
Ariana Melendez,80,675 Edward Springs,East Gregory,Massachusetts,09875,-96.515435,-32.2150065
Emily Valentine,43,39358 Barron Creek Apt. 708,Garciaside,Florida,98188,-97.310696,-63.261439
Gail Gray,39,89363 Sanchez Branch Suite 517,New Crystal,Pennsylvania,63871,106.204234,-23.532184
Joseph Herrera,46,31100 Stark Court,Penningtonburgh,Alaska,37749,-58.148220,-19.378172
Joan Johnston,26,935 Maxwell Orchard Suite 244,Scottside,Alaska,16724,0.366541,57.130428
Jennifer Mendoza,31,650 Jacobs Port,Williamsfurt,Kentucky,98777,-68.634032,33.338901
Kayla Lin,50,34818 Molina Road,Woodsmouth,Maryland,93615,-168.191710,63.685031
Michelle Williams,41,825 Joseph Pine,Doylebury,Tennessee,83722,-62.242321,-35.216087
Louis Martinez,58,219 Melissa Radial,Fernandezton,Tennessee,36284,67.500350,-9.887768
Craig Vargas,34,2899 Angelica Gardens Suite 080,North Jaimefurt,Indiana,70241,77.909123,-12.4651215
Samantha Gibson,72,09873 Robert Pines,East Emmaport,Tennessee,07610,-122.899412,-43.0338845
Mark Maynard,79,5223 Rebecca Center Suite 156,Brianside,Montana,62995,-24.400922,-31.107544
Chelsea Shah,62,12007 Andrew Valleys,New Timothymouth,Georgia,15054,-27.449501,-36.0663315
Jennifer Gomez,36,02924 Schroeder Ville Apt. 306,Christopherland,California,28122,89.339090,-53.666337
Rachel Decker,49,84251 Jarvis Isle Apt. 429,Brownborough,North Dakota,35571,-159.926437,-0.4202855
Michael Leonard,38,80398 Clark Prairie Suite 595,North Jonathanfurt,Washington,68653,-73.693169,67.450517
Steven Brandt,71,842 Jessica Gardens Suite 306,Mitchellburgh,New Mexico,25639,93.190788,3.5896335
Kyle Leach,27,59061 Dickerson Cliff,Robertaburgh,South Dakota,50065,93.941424,22.427936
Alicia Bennett,47,36079 Martin Lights,West Scottshire,New Jersey,13270,-106.228450,2.6286935
Sara Williams,52,9729 Sandra Ville Apt. 089,New Aaronburgh,Maine,61393,122.550681,17.350204
Leslie Meyers,30,3272 Chaney Passage,West Heathershire,North Carolina,11639,-179.143118,76.4503195
Lisa Hansen,61,0084 Mercado Views Suite 848,Spencermouth,Hawaii,78666,146.136299,40.5238925
Crystal Rivas,61,68523 Williams Stravenue Apt. 841,Reneefort,Kansas,35098,-58.509547,60.0724985
Sabrina Galvan,50,7180 Barbara Stream Suite 234,East Dakota,Idaho,79719,-22.246172,-35.174172
John Thompson,73,511 Riddle Mountain,Melissahaven,Rhode Island,40110,-111.255004,49.1076945
Kimberly Martinez,74,85883 Collins Garden,New Teresafort,Michigan,25325,18.076824,6.1846545
Mrs. Lauren Young,50,679 Samantha Plains,West Taramouth,Kentucky,74656,-67.063306,37.4141075
Melissa Fowler,35,2269 Alyssa Courts Suite 399,South Alisonmouth,New Jersey,34216,167.220123,75.4751175
Joshua Medina,33,49830 Rogers Fall,South Jamesberg,North Dakota,62066,-7.170595,0.673680
Connie Valencia,29,6063 Gutierrez Mountains Suite 302,West Andreatown,Massachusetts,54745,-153.442999,15.933877
Tommy Watkins,60,59630 Moore Via,Meghanshire,Delaware,86235,-90.735912,32.3440335
John Jones,21,20038 Gibson Radial,East Jeremybury,Washington,33648,-60.250014,72.7277205
Lisa Robinson,71,1012 Miller Alley,West Catherine,Michigan,86762,149.958731,62.419770
James Bates,79,5558 Ewing Landing Suite 263,Port Scottville,California,09731,103.516130,-1.407120
Larry Montgomery,64,9331 Matthew Tunnel,Lake Barbara,South Dakota,06829,-20.739679,-58.811180
Susan Thompson,37,22068 Thompson Road,Port Melissa,Minnesota,98908,117.835243,-25.450744
Daniel Lutz,49,5992 James Flat Apt. 849,Shelleyshire,Indiana,04017,37.621713,2.578120
Shannon Allen,67,453 Mathews Neck,Timothyborough,Alaska,91357,148.306005,21.326110
Julia Cooper MD,75,48296 Erin Turnpike,Samanthamouth,Hawaii,92230,-105.738072,44.868617
Sergio Williams,35,460 Cox Cape,North Kevin,South Carolina,88111,141.622769,-51.431498
Jacob Ruiz,60,893 Johnson Hill,Costahaven,New Jersey,87588,63.369540,-8.819470
Vanessa Baird,59,8195 Pamela Mission,Jenniferchester,Nebraska,81877,-2.055538,32.580137
Jacqueline Edwards,53,1935 Jeremy Flats Suite 123,Wilsonton,Michigan,32396,9.925816,-43.661820
Gregory Irwin II,76,5223 Anderson Junction,Duncanville,Wyoming,54620,26.411347,28.038619
Matthew Pratt,29,54523 Fletcher Lane Apt. 230,Bruceside,Illinois,48710,-142.108939,31.474371
Natalie Gilbert,61,01811 Garza Unions Suite 515,New Edward,Oregon,17471,122.835817,-85.806704
Keith West,71,6402 Avery Mission,Jonathantown,New Mexico,59728,9.758702,-13.754271
Jacqueline Randall,20,66195 James Flat Apt. 855,Jodiville,Mississippi,27591,-28.387249,20.946063
Erika Ingram,50,737 Lauren Path,Laurenberg,Wyoming,50726,16.208661,-73.1336395
Patrick Wells,24,73209 Rogers Field,Port Katherinetown,Colorado,51616,113.237686,1.981409
Paul Stone,21,044 Sarah Track Suite 717,Mistyville,Nebraska,19733,61.585648,-1.635582
Ian Reynolds,57,882 Manning Ville Apt. 435,Adkinsstad,Iowa,10215,-42.137489,-23.6934965
Jessica Sanford,49,30221 Ian Ranch,Nicholsstad,Mississippi,90265,-72.864747,69.7607425
Curtis Chandler MD,40,56295 Hunt Manors Suite 375,Port Mark,Oklahoma,77625,-141.158114,19.1375965
James Archer,35,8458 Cody Harbor Suite 665,Mcdonaldmouth,North Dakota,61336,-29.542491,50.7033885
Rebecca Shepherd,37,79077 James Valleys,Maryview,Indiana,07074,95.672327,-37.7132435
William Juarez,52,114 Rhonda Villages,Port Jesse,Wyoming,71921,90.760037,-45.151483
Maria Palmer,45,2700 Kristin Ridges Apt. 143,North Debbie,Michigan,81120,-154.179797,11.2098125
Jessica Reed,52,6359 David Hills Suite 653,Lake Sara,Alabama,64530,127.132558,16.4747145
Nancy Hernandez,68,23037 Michael Circle Suite 861,West Robert,Alaska,51760,123.277232,10.621310
Michelle Boyd,64,2679 Moore Islands Suite 368,Martinview,Mississippi,68334,-167.896263,-9.6052245
Mark Watts,20,45847 Robert Oval Apt. 985,Timothyfurt,Minnesota,57092,-31.748388,79.347693
Patricia Jones,41,211 Aaron Underpass Suite 806,Port Briana,Delaware,92744,88.490844,-68.5937525
Belinda Smith,40,2981 Cross Terrace,Simonmouth,Colorado,42626,88.038553,-31.0385275
Tony Mccoy,23,65341 Smith Shoals Apt. 375,West Pennymouth,Nevada,88648,-172.006100,65.6212275
Tamara Coleman,56,3761 Michael Springs Suite 235,North Renee,Rhode Island,02341,32.344432,60.1693765
Megan Lara,41,80446 Lee Lane Suite 506,Alexandertown,New Mexico,82899,-13.278891,39.1437455
Tommy Harris,44,49858 Jack Mills Suite 762,Smithmouth,Rhode Island,73711,-59.308048,-44.424266
Lance Silva,65,8353 Thomas Circle,North Robinview,Georgia,94111,-137.917362,-53.921760
Heather Banks,57,95252 Williams Vista,North Jennifer,Utah,36801,16.945931,-23.166904
Brendan Smith,33,62516 Reed Meadow Apt. 280,Grahamland,Virginia,15847,-8.296484,-31.407657
Sarah Lopez,31,2273 Brenda Forges,Reevesfort,Tennessee,06972,-164.049525,14.5273805
Lisa Ochoa,60,532 Ortega Overpass,Port Katherinefort,Arkansas,31209,-48.741298,21.9769665
Eric Turner,64,515 Archer Meadows,Tamiview,Colorado,05048,-175.020771,-24.104683
Hailey Cameron,33,09727 Carr Freeway,Angelaborough,Idaho,16628,96.503105,-55.859293
Rachel Morrow,22,3760 Jill Hills Suite 185,Samanthafort,Wyoming,60363,96.834906,-42.204872
Eric Olson,68,12496 Anderson Court,West Aaronborough,Mississippi,68620,27.255543,-37.495285
Lori Anderson,18,138 Curry Forge,North Victorville,Iowa,62587,-134.260367,48.5678675
Michelle Nelson,30,4147 Andrew Drive Suite 728,Stephenton,Vermont,88171,138.827118,-66.707270
Craig Case,29,861 Michael Parks,Lake Sheena,Nebraska,22747,147.745839,30.868725
Cynthia Snyder DDS,19,467 Powers Row,North James,Ohio,93601,-162.219013,-7.0029455
Eric Hart,26,7872 Doyle River,Timothyborough,Michigan,24006,-138.944382,-46.799153
Charles Munoz,77,90843 Brett Estate,North Joe,Indiana,64449,134.921448,75.777294
Ashley Vaughn,72,8011 Bowman Mount,Solismouth,Wyoming,30468,48.827773,6.583793
Thomas Williams,42,14820 Martinez Way Suite 433,Summerschester,Nebraska,06542,-15.919603,15.932643
Jennifer Barnett,70,86490 Janet Loaf Apt. 549,Johnstad,Indiana,11340,-174.804956,-13.857233
Christopher Peck,56,039 Jesse Squares,Carlaburgh,Idaho,80647,74.838925,81.0154985
Anthony Mcgee,39,6881 Gerald Loop Suite 075,Savannahborough,South Carolina,51990,-105.262477,-22.524169
Allison Heath,64,2272 Susan Keys Suite 228,Singletonberg,North Carolina,05956,-143.795777,73.4451165
Richard Pittman,27,1488 Mark Branch,South Stephaniebury,Kansas,22251,123.629919,17.654019
Michael Cox,76,86708 Jean Expressway Suite 641,North Isabellatown,Missouri,07017,-82.130326,61.2732135
Amanda Fernandez,31,650 Miranda Path,West Grace,Florida,25482,-165.754963,14.3083495
Elizabeth Rubio,72,9736 Alyssa Stravenue Suite 203,Brooksstad,Indiana,01636,-39.351281,-1.6609105
John Obrien,33,0378 Dawson Ranch Suite 665,Jacksonburgh,California,73583,-101.893204,70.721592
Angel Huynh,71,537 Michael Haven,Michaelberg,Idaho,99684,-60.716953,24.366101
Samuel Curtis,48,428 Mccann Views,East Peterside,South Carolina,96772,-78.185945,-43.001544
Mark Walker,65,56670 Sawyer Dam Apt. 905,Chenview,Kansas,48323,-95.092540,-6.4519705
Victoria Pearson,80,85677 Hicks Plains Suite 301,East Christinatown,Arizona,04023,-176.560398,12.198687
Maria Wolfe,65,487 Hudson Wells,New Melaniemouth,Missouri,26778,-139.244256,-67.4312595
Haley Carr,52,29594 Colleen Trail Suite 833,Devonton,Illinois,65644,150.422588,6.2609865
Kevin Rowland,69,97880 Jacqueline Way,Scottborough,Montana,91118,-14.652121,-12.1691015
Christopher Zimmerman,77,387 Andrew Meadow Suite 975,Priceton,New Mexico,15937,-60.403329,22.850742
Arthur Griffin,24,55518 Brandon Station Apt. 074,Port Dale,Alaska,06931,-88.165153,-10.514285
Heather Washington,45,91626 Brown Village Suite 085,Melissamouth,Kentucky,44835,39.090170,-69.171590
Timothy King,35,481 Ricky Stream Suite 736,Rogersport,Wyoming,36789,160.847482,-34.691739
Todd Lopez,23,239 Mccarty Ridges,Kristyville,Georgia,18783,152.678293,-66.0964075
Jesse Castillo,66,50724 Crystal Light,Patriciamouth,Michigan,29540,57.394855,33.298329
Jessica Adams,32,3696 Penny Roads,Freyside,Tennessee,06705,-86.338576,28.9889555
Alexis Morales,30,046 Tracy Drives Apt. 287,Jacobsbury,Alabama,68992,-8.554640,-60.0375785
Bradley Simmons,19,6721 Morris Brook Apt. 265,East Wesley,Virginia,62770,177.070678,-85.2551945
Ralph Osborn,46,57962 Moore Square,Port Robertfort,New Hampshire,51069,-47.071788,-87.9180415
Gregory Shaffer,53,190 Lloyd Brooks Apt. 117,New Charlotteborough,Delaware,76508,106.865801,4.209355
Sherry Kirk,56,8175 Marie Roads,Michaelberg,South Dakota,21038,18.184604,20.1959365
Jason Wilkinson,20,327 Eric Spring,Scottfurt,Maryland,97566,119.084429,-82.0736485
Mary Price,29,9186 Martinez Glens,Port Brittany,Michigan,06977,139.825465,65.8200805
Nicholas Howard,77,7516 Howe Wall,Port Timothy,Kansas,37102,-164.328672,-39.4242175
Victoria Howard,77,96058 Matthew Mountains,West William,Wisconsin,71418,102.196467,-7.456917
Sharon Hall,58,23353 Angela Way,Shelbyport,Alabama,32408,-154.136149,89.9768385
Daniel Briggs,67,60424 Berry Vista Apt. 840,West Karenland,Idaho,83378,36.679508,-47.5938555
Nicolas Jenkins,78,245 Hall Gateway Apt. 921,South Seanton,Kansas,50717,83.889393,-32.4381505
David Jackson,24,96683 Frank Spurs Apt. 636,Jillianbury,Colorado,67976,-51.868086,55.1053675
William Buckley,37,15241 Debra Land,Foxport,Alabama,09448,-167.469214,69.663756
Robert Clements,38,665 Cummings Lock,Erikfurt,Tennessee,62502,-104.823213,-48.940058
Thomas Kim,63,2896 Sarah Landing Apt. 538,Holtstad,New Hampshire,96739,136.160359,88.7521985
Patricia Allen DDS,34,417 Amber Shoal Suite 081,New Johnport,Connecticut,11316,111.498025,-28.2738725
Shannon Evans,47,2830 Peterson Field,East Shannon,Maryland,45477,97.136906,-79.569385
Paula Schmidt,64,0194 Mooney Dale,Lake Mary,Alaska,29953,-15.497559,-36.3181815
Jennifer Paul DVM,44,20225 Bishop Run Apt. 375,Bankstown,New Jersey,07831,-145.618833,-73.3169235
Christopher Rivera,22,9872 Curtis Glens Suite 818,Hernandezville,New Jersey,65770,172.378269,23.641779
Julia Frank,48,0029 Murphy Lakes,South David,Virginia,87473,14.366992,-24.4795815
Andrea Thomas,66,8116 Burton Mall Suite 834,East Triciastad,Illinois,84190,-137.663685,-84.226116
Traci Kennedy,55,43396 Kenneth Avenue Apt. 495,Port Ronaldport,Alabama,48027,4.989600,-40.040032
Sandra Mitchell,37,71788 Maria Alley Suite 902,Lake Paul,Illinois,01466,-118.968718,-2.638652
Brittany Kim,74,730 Bailey Spurs Suite 755,Port Michaelfurt,Indiana,44082,-83.950683,27.5127055
Zachary Cain,71,754 Melissa Spurs,Johnton,Kentucky,89763,2.450683,47.6738955
Kenneth Ali,34,80367 Lewis Row,Mooreland,Utah,17172,-29.948632,-87.782314
Lauren Washington,53,8277 Ortiz Junctions Suite 089,West Seanshire,Illinois,93120,100.771690,-59.6522435
Christina Anderson,29,50252 Jacqueline Haven,Susanton,Vermont,67432,-81.802692,76.879853
Terry Carlson MD,39,51203 Gutierrez Circle,West Christopherland,Arizona,72932,34.327856,80.3440415
Morgan Durham,22,99040 Davis View,Port Jeanettemouth,New Jersey,87951,-112.455792,-25.9693825
Laura Rice,18,7030 Mora Ridge Apt. 976,Frazierchester,Nebraska,80483,-6.160177,-83.019206
Wendy Flores,19,0884 Smith Street,Lake John,Wyoming,65413,-126.730822,11.580533
Justin Johnson,53,991 Daniels Forges,Jenniferview,Louisiana,23580,-110.967518,-3.6585585
Kristina Hoover,26,88779 Patrick Meadow Apt. 101,Lindahaven,New Hampshire,05908,34.657990,11.183666
Nicole Mcdaniel,80,1596 Andrew Plains Apt. 541,Medinaburgh,New York,09117,79.328526,-7.5957475
Tanya Garrison,30,045 Kimberly Locks Suite 286,New Kathyshire,Maine,84916,-147.600740,75.011372
Richard Murray,21,53771 King Underpass Suite 151,Toddland,Oklahoma,34350,-157.455988,-69.6738785
Pamela Moore,27,56376 Gary Prairie Apt. 822,East Brianland,Vermont,30980,-171.105230,-88.7880095
Michael Tate,40,8192 Reyes Green Apt. 319,Christopherland,South Dakota,77000,-21.174191,-31.0747305
Jasmine Olson,30,46838 Jordan Parkways,Karentown,California,10744,65.169085,16.7622605
Matthew Gallagher,57,721 John Expressway Apt. 856,Burnsfurt,Arizona,87173,-174.176583,71.6907195
Justin Jensen,57,633 Hess Ville,East Jerryfurt,Connecticut,56406,138.067727,-29.3919395
Jessica Patterson,49,878 Harper Mews Apt. 656,North Gregoryburgh,Minnesota,08784,55.288407,55.1480285
Robert Phelps,55,1752 Bush Harbor,West Maria,New York,81739,3.171648,38.710542
Amy Moore,45,971 Roberto Roads Suite 303,Jonesmouth,New York,14833,97.367907,38.772138
Molly Bush,18,8520 Conner Plaza Suite 602,Lake William,Maryland,82812,-141.155888,-2.6575505
Sergio Norman,78,582 Tran Views,New Martin,Alaska,85641,-13.680237,31.8413415
Maria Williams,46,2719 Baxter Parkways Suite 201,Randyshire,California,80801,-46.610930,41.5361735
Robert Martin,39,43013 Collins Light,Patrickburgh,Maryland,21777,132.544638,-24.8756085
Matthew Reynolds,62,16910 Acevedo Circles Suite 145,Lake Sarah,Washington,84010,-85.730098,-30.8960815
Jeffrey Bishop,64,3254 Christopher Summit Suite 361,North Donnaberg,Oklahoma,90516,66.427850,-4.544900
Anthony Morrison,54,272 Scott Burg Apt. 407,Jamesmouth,Pennsylvania,58616,160.123233,53.8113615
Michael Harris,30,2602 Barker Forest,Port Marymouth,Texas,10302,-83.271637,62.0921195
Leah Espinoza,69,31363 Scott Cliffs Apt. 409,Huntmouth,West Virginia,91783,86.829088,82.726453
Jessica Pugh,25,47748 Romero Divide,South Ericland,Oklahoma,99031,-39.086044,-19.924758
Christopher Barajas,32,93773 Gillespie Inlet,New Justin,Connecticut,32716,30.199729,-42.277542
Justin Lopez,70,093 Miller Divide,Jonesport,Oklahoma,72916,-6.723822,24.9019655
Christopher Pratt,28,13785 Cisneros Plaza Suite 406,West Scott,Arkansas,33858,-142.552820,54.459098
Natasha Campbell,24,0951 Ortega Spurs,South Jackietown,Connecticut,21945,93.160614,68.309655
Donald Beasley,43,4955 Hartman Turnpike Suite 307,Christopherberg,Oregon,20680,-134.413479,15.017791
Mr. John Dunlap,54,17699 Samuel Roads,Grimesberg,Vermont,86886,-6.286320,58.1592155
Shannon Vasquez,78,4527 Heather Tunnel,Madelineborough,Vermont,82361,138.531400,-34.2356725
Eric Griffin,46,9501 Steven Plains,Murphytown,Michigan,93653,136.046550,-33.2420185
Rebecca Newton,40,4861 Williams Pines,New Amymouth,Massachusetts,72196,-153.613760,-70.1975725
Dustin Adams,70,26120 Felicia Flats Apt. 385,East Cassie,Mississippi,19125,-16.582308,-82.108164
Brian Phillips DVM,28,2530 James Valley,Pennyshire,Alaska,26345,-23.275019,23.791644
David Wheeler,60,9738 Perez Junctions,New Brandyville,Mississippi,84550,47.503186,46.408953
Elizabeth Dean,30,4245 Tammy Branch,North Rebeccaton,Pennsylvania,09431,60.055859,-36.349385
Heather Hartman,78,341 Michael Place Apt. 844,Lake Michele,Massachusetts,41792,138.327555,-23.2333365
Kevin Gamble,56,996 Travis Land,East Nancy,New Mexico,97581,148.632510,-82.204114
Carl Parker,26,65512 Shelton Point Apt. 774,West Angelicaland,Maryland,73480,-37.553983,-68.968509
Michael Powers,71,3671 Adams Spring,North Virginiahaven,Alaska,68525,-42.648741,41.394295
Gloria Rivas,18,6686 Judy Trail Apt. 593,Michaelport,North Dakota,35056,58.535815,60.9613865
Michelle Lopez,75,416 Frank Drive Suite 884,Dakotaton,West Virginia,02076,-53.384548,71.3857245
Matthew Pratt,48,42822 Hanna Center,South Aprilfort,Rhode Island,66205,-45.719884,45.473429
Jonathon Mathis,44,698 James Lock,North Jameschester,Hawaii,66854,-100.288917,-82.6809995
Ethan Cook,36,85114 Anne Fork Suite 841,West John,Vermont,45299,-42.618232,61.5567525
Joseph Johnson,53,6706 Clark Hollow Suite 981,East Jeffrey,Colorado,02067,-91.030956,-15.9601055
Brent Rodriguez,37,5870 Kevin Mountain,Whitakermouth,North Dakota,18076,-38.532003,66.8145995
Thomas Bishop,29,5760 David Land Apt. 168,South Tracyborough,Nebraska,49003,6.829531,48.2445895
Karen Watson,45,7614 Melissa Trail Suite 425,South Leehaven,Florida,99712,57.575160,-88.0248055
Lori Davis,65,683 Jessica Circle Apt. 750,Michaeltown,Wyoming,47547,-83.061851,55.166658
Laura Hamilton,28,1763 Garcia Mission Suite 102,Jasonstad,North Carolina,15508,-171.666968,-22.550166
Sharon Cooke,29,0256 Juan Lights,Hernandezhaven,Idaho,90464,-173.210043,-40.467470
Nathan Moran,40,997 Glenn Greens Suite 244,Port Chadmouth,West Virginia,79851,-0.859877,4.159560
James Smith,73,32034 Christopher Inlet Apt. 074,Collinsstad,Ohio,01708,-131.750674,40.841230
Jeff Perez,41,3633 Karen Square Apt. 780,Elizabethmouth,Hawaii,92704,129.173042,-30.3882875
Tina Olson,37,723 Patricia Springs Apt. 830,Medinaland,Michigan,51233,-94.092610,62.8843525
Billy Reyes,18,98251 Jenkins Way Suite 250,Gibbsburgh,Wisconsin,06168,20.844231,21.5239665
John Brown,63,19495 Charles Avenue,North Jacqueline,Nevada,65217,85.266246,64.039151
Jennifer Torres,79,96607 Anna River Apt. 171,Thomasmouth,South Carolina,57269,8.019853,47.9003085
Gavin Romero,30,7041 Amy Brook Suite 899,Sarachester,Kansas,38395,121.178208,39.939581
Jack Reed,40,6964 Danielle Springs,Peterstown,New Hampshire,47543,97.305334,19.746188
Rebecca Ellis,80,1619 Davis Junction,Riveraton,Connecticut,31808,-119.479456,-53.170260
Jacob Figueroa,20,775 Joanne Points,West Christina,Florida,55893,5.719194,86.1084765
Matthew Lynch,22,38771 Terry Meadows Suite 808,West Jacob,Massachusetts,16619,23.306472,-45.666653
Nicole Butler,46,693 Chapman Creek,Port Juanborough,Wyoming,95542,55.884977,42.407725
Cathy Shea,22,63699 Taylor Turnpike,North Sarahmouth,Colorado,95100,166.693916,-21.526096
Deborah Sawyer,66,250 Trevor Greens Apt. 265,Port Lauren,Arkansas,78685,-149.764324,51.4578225
Stephanie Beck,25,76564 Morgan Groves,Nunezmouth,Virginia,87417,86.888493,-2.613669
Leonard Ashley,56,3695 Martin Junction,New Jessemouth,West Virginia,09985,-90.825137,-55.1586325
Carl Carrillo,31,4084 Reed Causeway Suite 885,Whiteview,New Hampshire,46041,77.458886,56.630726
Heather Rodriguez,38,48631 Keith Ford,North George,Minnesota,88684,-22.912302,-7.312423
Timothy Stanley,63,9325 Thompson Junctions Suite 863,Port Erin,Wisconsin,74046,-58.197716,-44.6861535
Danielle Rivera,77,00856 Gina Mountain Apt. 050,Terryfort,Tennessee,87706,159.230896,69.0073325
Janice Clark,45,52228 Bird Circles,Matthewville,Delaware,41409,45.119585,47.747545
Janet Hunter,18,61519 Lisa Crescent Suite 166,Lake Michael,Georgia,86343,34.864296,1.863463
Sara Wright,51,93967 Catherine Circles Apt. 311,Hobbsside,New York,73136,22.407952,-11.487606
Steven Taylor,74,237 Kim Groves,Crystalfort,Hawaii,76501,47.662226,-43.272181
Rachel Mayer,78,74414 Cook Island,Georgehaven,Virginia,31433,-137.865992,-40.6706955
Ian Murphy,74,327 Corey Shore Apt. 029,South Amandaberg,Indiana,51995,-154.309128,-50.173694
Evan Barron,34,21781 Best Lane Apt. 862,East Angela,New Hampshire,79337,-75.859954,22.0955945
Joshua Mills,46,498 Grant Tunnel,Erictown,Alabama,01760,22.370160,-76.860057
Scott Black,72,7552 Flynn Fields,Lake Richardport,California,27980,96.604606,78.962984
Logan Welch,60,69165 Howard Roads Apt. 885,West Cheryl,Texas,82089,-34.101646,0.4120575
Kimberly Stewart,64,94571 Jeremy Throughway,Acostaport,Virginia,24046,72.613095,-62.486216
John Jackson,75,319 William Land,Doyletown,Louisiana,96374,-38.188658,-20.367547
Tony Rogers,66,834 Steven Shore,Port Paulville,Missouri,17627,-156.342969,24.236389
Marcus Anderson,33,810 Charles Crescent,Chapmanville,Arkansas,35201,55.530676,-57.0658965
Alyssa Stevens,66,178 Richard Port Apt. 820,Coxberg,New Jersey,62750,-177.545471,5.9169775
Savannah Rosario,41,5270 Liu Streets,West Maria,South Dakota,35484,-124.487685,20.5555235
Jacqueline Miller,60,47341 Raymond Square,North Jennifer,Arizona,98836,146.933598,-58.740575
Holly Stephens,36,1101 Elliott Points Apt. 851,Port Robertville,Missouri,14159,3.594728,-83.223797
Brianna Ramirez,18,15264 William Courts Suite 703,New Jeffreychester,Colorado,31485,83.280498,-24.8116495
Leslie Hernandez,51,85453 Hammond Underpass,Gonzalezville,Maryland,61557,153.829999,-25.127664
Ethan Gentry,60,218 Samantha Crossing Suite 537,South George,Alaska,70332,-81.518862,-53.3143645
Christopher Knox,75,38506 John Mews,Camachoville,Ohio,40962,-173.531219,-80.4918045
Brandon Garcia,53,47694 Jon Radial Suite 042,Lake Sydneymouth,New York,47338,-41.853934,4.749957
Susan Ochoa,63,72718 Ramos Estate Suite 129,Cindymouth,Maryland,85935,149.923596,43.2107475
Jessica Lewis,66,0300 Darlene Street,West Tammybury,West Virginia,90834,139.681668,-14.3807925
Chelsea Beard,78,49970 Kendra Course Suite 296,Smithborough,Kansas,86465,-109.678069,14.9457215
Brooke Chapman,78,047 Valerie Key,Jacobton,Montana,64425,71.876335,35.939585
Scott Harrison,34,0122 Melissa Union Apt. 588,Danielview,Colorado,18291,-17.748691,68.1116955
Robert Walker,32,78020 Gregory Harbor,Fritzton,New Mexico,34363,5.810766,-58.676084
Charles Hughes,71,6317 Douglas Vista,Bishopmouth,New Hampshire,02918,-2.794026,-10.4808885
Evelyn Dougherty,58,29508 Jones Plains Apt. 906,Mckinneyshire,Kentucky,61508,60.339491,66.940991
Brittney Thomas,74,951 Katie Mountains Apt. 476,Leslieberg,Colorado,92655,51.919742,30.9530295
David Powell,38,62815 David Camp Apt. 978,East James,Washington,17977,-22.028248,57.283912
Andrea White,55,17509 Virginia Trace Apt. 064,Rodriguezville,Alaska,78300,-85.777286,86.466843
Wendy Jones,26,3970 Christopher Fields Apt. 187,West David,Illinois,05059,39.108239,23.9864155
David Vargas,45,3730 Veronica Shores,Martinezfurt,Maryland,84441,-110.620421,63.131847
Melanie King,54,2201 York Underpass,North Sean,Wisconsin,18773,125.219833,-64.151309
Luke Schmitt,35,212 Wallace Grove,Lake Sarah,Alabama,57435,-162.193844,-42.2263015
James Hammond,24,3142 Marshall Route,East Ivan,Connecticut,90041,80.757857,74.3445415
Courtney Chan,57,693 Debra Court Suite 694,Rodriguezton,Oregon,55021,48.878100,6.561295
Whitney Hardy,52,145 Price Groves,Kingfurt,North Dakota,39021,-128.951742,10.079392
Robert Perez PhD,79,063 Collins Mill,Jonesborough,Ohio,39803,-156.141301,-4.4007305
Anthony Campbell,30,334 Mary Mountain,Port Michael,Michigan,28584,-179.745358,51.6031815
Christopher Guzman,39,16792 Brian Ramp,Stephanieborough,Kansas,73808,-70.556102,1.5778015
Elizabeth Bell,71,9116 Vasquez View Suite 229,Thomasmouth,New Jersey,32011,131.107233,-2.6009605
Lisa Cook,35,919 Woodard Parkway Suite 049,Bensonfort,Maine,04235,35.409098,16.505079
Haley Gomez,57,195 Mary Tunnel,Harrisfort,Kentucky,53670,145.872061,-17.355182
Jordan Bennett,35,897 Cunningham Expressway,Wiseberg,Michigan,79176,25.215325,-74.4107335
Alicia Walker,57,4233 Nelson Spring,South Dustinport,North Carolina,59329,-148.751318,15.685820
Nicholas Vasquez,56,125 Laura Gardens Apt. 197,South Katelyn,Oklahoma,27367,-153.667043,66.506146
Hayden Medina,32,1191 Darrell Pike,Gallaghermouth,New Hampshire,36691,45.630951,72.870161
Alexis Warren,21,60713 Burke Land Suite 810,Ashleyview,Oklahoma,97593,49.240019,-77.799073
Briana Colon,34,585 Tanner Inlet,Port Jermaineburgh,Colorado,91842,142.667340,-77.2018085
Michael Thomas,30,93206 Karen Meadows,Smithport,Pennsylvania,00812,-37.212463,-9.3425025
Mr. Kurt Griffin Jr.,55,113 Todd Tunnel,Natashaville,Louisiana,12398,-40.239730,80.974178
Morgan Moore,19,731 Lopez Unions,North Calvinburgh,Kentucky,73150,134.669412,-34.364881
Stephen Hogan,63,019 Christopher Cape Apt. 919,Alexanderview,New York,01117,2.042442,17.567261
Kristin Rosario,60,5666 Tammy Course,North Bryan,Arizona,53782,98.581520,40.0053495
Nicole Gregory,63,9261 Philip Field,Lauratown,Hawaii,10613,-151.906857,-72.023383
Mr. Joe Wagner,63,78563 Parker Rue,Walterport,New Mexico,16513,-3.991176,-48.8850485
Jerome Larson,20,51719 Samuel Dale Suite 487,Lake Nicoleborough,Kentucky,44635,-66.636315,71.099862
Shawn Oliver,24,3002 Cooper Village,Lawsonmouth,South Carolina,59833,-78.137808,-76.8839745
Melinda Martinez,63,891 Jill Mountains,Hornborough,North Dakota,87992,-86.015734,-89.885701
James Roberts,37,18084 Harvey Cliff,South Samanthaport,Delaware,91650,-13.408518,-71.0528315
Charlotte Scott,54,9350 Lozano Centers Suite 083,North Natasha,Wyoming,89790,98.130199,-51.125893
Tonya King,57,600 Roman Fall Suite 926,Karinamouth,Arkansas,22050,93.414261,3.5736235
Gary Fernandez,27,1720 Elizabeth Glen,Anthonyfort,North Carolina,30237,131.818612,-13.7758605
William Hoffman,77,23059 Bruce Park,Martintown,New Jersey,52973,84.963354,-33.5521025
Christine Young,35,99677 Kristin Orchard,Lake Jane,Nebraska,62213,150.101530,-71.859957
Jessica Smith,24,015 Case Point Suite 026,Trujillohaven,Texas,25489,133.337326,6.8606585
Katrina Jones,35,808 Elizabeth Villages,Christopherport,Maryland,82556,-38.969147,55.414939
Margaret Underwood,37,3664 Dean Locks,South David,Kansas,08986,178.488026,64.8381115
Seth Soto,54,33327 Christina Curve,East Anthonyland,Georgia,77268,-57.101067,69.769569
Deborah Benson,58,9416 Smith Skyway,Ashleyville,New York,96085,151.433163,85.376120
Tanya Lopez,26,172 Stanley Gardens Suite 479,Ruiztown,New Jersey,77087,108.632075,39.6228455
Andre Foster,32,14770 Leonard Mountains,Lake Kennethview,Indiana,26873,77.245079,34.6241925
Jennifer Black DDS,25,982 Amanda Union,Joanneborough,Utah,91331,-175.021810,29.9415505
Linda Serrano,29,5505 Bishop Streets,Nicolebury,New Jersey,85259,147.041991,-5.0420065
Nancy Bryan,47,2769 Lee Mountain Suite 289,Leeshire,Alaska,84419,-120.551359,67.797994
Stephanie White,38,06237 Myers Crescent,Lake Danaborough,Oklahoma,51632,59.900041,42.8178365
David Stephenson,60,24378 Cook Mill Suite 179,East Coreytown,Virginia,88706,-70.536811,37.826587
Jonathan Simmons,31,935 Colleen Shore Apt. 355,East Cynthia,Maryland,65485,-169.796980,-72.461290
Jason Myers,30,3180 Rachel Groves,Amberborough,Texas,52505,-136.999498,-75.714362
Nathan Fox,79,2632 Chase Mountain Suite 780,Gibsonville,South Dakota,87368,132.515920,-49.1878665
